Unnamed: 0,39, State-gov, 77516, Bachelors, 13, Never-married, Adm-clerical, Not-in-family, White, Male, 2174, 0, 40, United-States,class
-0.5,0.156415973882,0.2664004914,-0.0723100843329,-0.08654995905,0.194627354627,-0.101965601966,-0.183779396279,-0.289275184275,0.0835380835381,0.330804668305,-0.0107762594825,-0.0200428170469,-0.279974176403,0.0556391202733,0
-0.499969286526,-0.00796758776211,0.0164004914005,0.0175657663075,0.0467833742834,-0.0720393120393,-0.435298935299,-0.0409222534223,-0.0892751842752,0.0835380835381,0.330804668305,-0.0107762594825,-0.0200428170469,-0.00446397232112,0.0556391202733,0
-0.499938573052,0.197511864293,0.0164004914005,0.0305206297297,-0.619883292383,-0.205372645373,-0.101965601966,-0.0409222534223,-0.289275184275,-0.416461916462,0.330804668305,-0.0107762594825,-0.0200428170469,-0.00446397232112,0.0556391202733,0
-0.499907859578,-0.144953889132,0.0164004914005,0.100940754422,-0.08654995905,0.194627354627,-0.101965601966,0.244792032292,0.710724815725,-0.416461916462,-0.669195331695,-0.0107762594825,-0.0200428170469,-0.00446397232112,-0.77362917241,0
-0.499877146104,-0.0216662178991,0.0164004914005,0.0643839296033,0.11345004095,0.261294021294,-0.101965601966,-0.183779396279,0.710724815725,0.0835380835381,-0.669195331695,-0.0107762594825,-0.0200428170469,-0.00446397232112,0.0556391202733,0
-0.49984643263,0.142717343745,0.0164004914005,-0.0200994379141,-0.28654995905,-0.338705978706,0.0647010647011,0.101934889435,-0.0892751842752,-0.416461916462,-0.669195331695,-0.0107762594825,-0.0200428170469,-0.249361931505,-0.334604782166,0
-0.499815719156,0.183813234156,0.2664004914,0.013488125417,0.0467833742834,-0.0720393120393,-0.101965601966,-0.183779396279,-0.289275184275,0.0835380835381,0.330804668305,-0.0107762594825,-0.0200428170469,0.0465564358422,0.0556391202733,1
-0.499785005682,-0.103857998721,0.0164004914005,-0.0977987356688,0.11345004095,0.261294021294,0.231367731368,0.244792032292,-0.0892751842752,0.0835380835381,-0.669195331695,0.130065148932,-0.0200428170469,0.0975768440054,0.0556391202733,1
-0.499754292208,0.0468269327858,0.0164004914005,-0.0206006535998,-0.08654995905,0.194627354627,-0.101965601966,-0.183779396279,-0.289275184275,0.0835380835381,0.330804668305,0.0410042583227,-0.0200428170469,-0.00446397232112,0.0556391202733,1
-0.499723578734,-0.0216662178991,0.0164004914005,0.0615871732431,0.31345004095,-0.00537264537265,-0.101965601966,-0.183779396279,-0.289275184275,-0.416461916462,0.330804668305,-0.0107762594825,-0.0200428170469,0.403699292985,0.0556391202733,1
-0.49969286526,-0.117556628858,0.3914004914,-0.0329286578378,-0.08654995905,0.194627354627,-0.101965601966,0.244792032292,-0.289275184275,-0.666461916462,0.330804668305,-0.0107762594825,-0.0200428170469,-0.00446397232112,-0.432165757776,1
-0.499662151786,-0.213447039817,0.0164004914005,-0.0458495635576,-0.08654995905,0.194627354627,0.231367731368,-0.398065110565,0.310724815725,0.0835380835381,-0.669195331695,-0.0107762594825,-0.0200428170469,-0.106504788648,0.0556391202733,0
-0.499631438312,-0.090159368584,0.0164004914005,0.0103483962637,-0.219883292383,0.127960687961,0.231367731368,0.387649175149,-0.0892751842752,-0.416461916462,0.330804668305,-0.0107762594825,-0.0200428170469,0.0975768440054,0.0556391202733,0
-0.499600724838,0.0194296725119,0.0164004914005,-0.0461891405804,-0.153216625717,0.061294021294,-0.101965601966,-0.255207967708,-0.289275184275,-0.666461916462,0.330804668305,-0.0107762594825,-0.0200428170469,-0.00446397232112,-0.895580391922,1
-0.499570011364,-0.0627621083101,0.0164004914005,0.0378324021859,-0.353216625717,-0.405372645373,-0.101965601966,0.530506318006,-0.289275184275,-0.916461916462,0.330804668305,-0.0107762594825,-0.0200428170469,0.0465564358422,-0.261434050458,0
-0.49953929789,-0.186049779543,0.2664004914,-0.00884653453054,0.0467833742834,-0.0720393120393,0.231367731368,-0.112350824851,0.310724815725,0.0835380835381,0.330804668305,-0.0107762594825,-0.0200428170469,-0.0554843804844,0.0556391202733,0
-0.499508584416,-0.090159368584,0.0164004914005,-0.00200881159823,0.0467833742834,-0.0720393120393,0.231367731368,0.0305063180063,0.510724815725,0.0835380835381,0.330804668305,-0.0107762594825,-0.0200428170469,-0.00446397232112,0.0556391202733,0
-0.499477870942,-0.00796758776211,0.0164004914005,-0.109272364117,-0.619883292383,-0.205372645373,-0.101965601966,0.387649175149,-0.289275184275,0.0835380835381,0.330804668305,-0.0107762594825,-0.0200428170469,0.0975768440054,0.0556391202733,0
-0.499447157468,0.0605255629228,0.2664004914,0.0695407462725,0.11345004095,0.261294021294,-0.435298935299,-0.183779396279,0.510724815725,0.0835380835381,-0.669195331695,-0.0107762594825,-0.0200428170469,0.0465564358422,0.0556391202733,1
-0.499416443994,0.0194296725119,0.0164004914005,0.0025415205081,-0.0198832923833,0.394627354627,-0.101965601966,0.244792032292,-0.289275184275,0.0835380835381,0.330804668305,-0.0107762594825,-0.0200428170469,0.199617660332,0.0556391202733,1
-0.49938573052,0.21121049443,0.0164004914005,0.0763125912624,0.0467833742834,-0.0720393120393,0.398034398034,0.101934889435,0.510724815725,-0.416461916462,-0.669195331695,-0.0107762594825,-0.0200428170469,-0.208545604974,0.0556391202733,0
-0.499355017046,-0.0490634781731,-0.3585995086,-0.0767014943925,-0.28654995905,-0.338705978706,-0.101965601966,-0.112350824851,-0.289275184275,-0.416461916462,0.330804668305,-0.0107762594825,-0.0200428170469,-0.00446397232112,0.0556391202733,0
-0.499324303572,0.0605255629228,0.0164004914005,-0.0494049349869,-0.619883292383,-0.205372645373,-0.101965601966,0.530506318006,-0.289275184275,0.0835380835381,0.330804668305,-0.0107762594825,0.448735879004,-0.00446397232112,0.0556391202733,0
-0.499293590098,0.279703645115,0.0164004914005,-0.0548531087417,0.0467833742834,-0.0720393120393,-0.435298935299,0.459077746578,0.510724815725,0.0835380835381,-0.669195331695,-0.0107762594825,-0.0200428170469,-0.00446397232112,0.0556391202733,0
-0.499262876624,0.238607754704,-0.2335995086,0.0183841469326,-0.08654995905,0.194627354627,-0.101965601966,0.459077746578,-0.289275184275,0.0835380835381,0.330804668305,-0.0107762594825,-0.0200428170469,-0.00446397232112,0.0556391202733,1
-0.49923216315,-0.268241560365,0.0164004914005,-0.0145935360654,0.0467833742834,-0.0720393120393,0.231367731368,-0.255207967708,0.310724815725,0.0835380835381,0.330804668305,-0.0107762594825,-0.0200428170469,-0.00446397232112,0.0556391202733,0
-0.499201449676,0.21121049443,-0.4835995086,-0.00650005730258,0.31345004095,-0.00537264537265,-0.101965601966,-0.469493681994,-0.289275184275,-0.666461916462,0.330804668305,-0.0107762594825,-0.0200428170469,0.199617660332,-0.0419218553365,1
-0.499170736202,0.00573104237488,0.0164004914005,0.120535027795,0.0467833742834,-0.0720393120393,-0.435298935299,-0.183779396279,-0.0892751842752,0.0835380835381,0.330804668305,-0.0107762594825,-0.0200428170469,0.403699292985,0.0556391202733,0
-0.499140022728,0.142717343745,0.0164004914005,0.00243421416888,0.0467833742834,-0.0720393120393,-0.101965601966,-0.255207967708,-0.289275184275,0.0835380835381,0.330804668305,-0.0107762594825,-0.0200428170469,-0.00446397232112,0.0556391202733,0
-0.499109309254,-0.213447039817,-0.2335995086,0.000629701869396,-0.219883292383,0.127960687961,0.231367731368,0.316220603721,-0.0892751842752,0.0835380835381,0.330804668305,-0.0107762594825,-0.0200428170469,0.117985007271,0.0556391202733,0
-0.49907859578,-0.254542930228,0.0164004914005,0.0517740764364,0.31345004095,-0.00537264537265,0.231367731368,0.387649175149,0.310724815725,-0.416461916462,0.330804668305,-0.0107762594825,-0.0200428170469,0.0363523542095,0.0556391202733,0
-0.499047882306,0.0879228231968,0.0164004914005,0.133900779415,-0.08654995905,0.194627354627,-0.435298935299,-0.183779396279,0.310724815725,0.0835380835381,0.330804668305,-0.0107762594825,0.303189506185,-0.00446397232112,0.0556391202733,0
-0.499017168832,-0.117556628858,-0.3585995086,-0.0881751228409,0.31345004095,-0.00537264537265,-0.101965601966,-0.398065110565,0.310724815725,0.0835380835381,0.330804668305,-0.0107762594825,-0.0200428170469,-0.00446397232112,0.0556391202733,0
-0.498986455358,-0.227145669954,0.3914004914,0.0826735480546,0.31345004095,-0.00537264537265,-0.101965601966,0.101934889435,-0.289275184275,-0.416461916462,0.330804668305,-0.0107762594825,-0.0200428170469,-0.259566013137,0.0556391202733,0
-0.498955741884,0.129018713608,0.0164004914005,0.035739928571,-0.619883292383,-0.205372645373,0.231367731368,0.0305063180063,0.510724815725,0.0835380835381,0.330804668305,-0.0107762594825,-0.0200428170469,-0.00446397232112,-0.0907023431414,0
-0.49892502841,-0.240844300091,0.0164004914005,0.00503809078017,0.31345004095,-0.00537264537265,0.231367731368,0.0305063180063,0.310724815725,0.0835380835381,0.330804668305,-0.0107762594825,-0.0200428170469,-0.00446397232112,0.0556391202733,0
-0.498894314936,-0.268241560365,0.0164004914005,0.240630516854,0.0467833742834,-0.0720393120393,-0.268632268632,-0.398065110565,0.710724815725,0.0835380835381,-0.669195331695,-0.0107762594825,-0.0200428170469,-0.157525196811,0.0556391202733,0
-0.498863601462,-0.103857998721,0.0164004914005,-0.0717375574724,0.31345004095,-0.00537264537265,-0.101965601966,0.387649175149,-0.289275184275,0.0835380835381,0.330804668305,-0.0107762594825,-0.0200428170469,-0.0248721355864,-0.895580391922,1
-0.498832887988,0.129018713608,0.2664004914,0.0514086915598,-0.219883292383,0.127960687961,-0.101965601966,0.244792032292,-0.289275184275,0.0835380835381,0.330804668305,-0.0107762594825,-0.0200428170469,-0.00446397232112,0.0556391202733,0
-0.498802174514,-0.103857998721,0.0164004914005,0.216034273934,-0.28654995905,-0.338705978706,-0.101965601966,0.0305063180063,-0.289275184275,0.0835380835381,0.330804668305,-0.0107762594825,-0.0200428170469,0.0261482725768,0.0556391202733,0
-0.49877146104,0.197511864293,0.2664004914,-0.0687818790654,-0.08654995905,0.194627354627,-0.101965601966,0.244792032292,-0.289275184275,0.0835380835381,0.330804668305,-0.0107762594825,-0.0200428170469,-0.00446397232112,0.0556391202733,0
-0.498740747566,-0.19974840968,0.0164004914005,-0.0114062661289,-0.08654995905,0.194627354627,-0.101965601966,0.459077746578,-0.289275184275,0.0835380835381,0.330804668305,-0.0107762594825,-0.0200428170469,0.0975768440054,0.0556391202733,0
-0.498710034092,0.142717343745,0.0164004914005,-0.064617306457,0.0467833742834,-0.0720393120393,0.398034398034,-0.398065110565,0.510724815725,0.0835380835381,-0.669195331695,-0.0107762594825,-0.0200428170469,-0.00446397232112,0.0556391202733,0
-0.498679320618,-0.186049779543,0.0164004914005,0.0680500031421,0.0467833742834,-0.0720393120393,0.231367731368,-0.0409222534223,-0.0892751842752,0.0835380835381,0.330804668305,-0.0107762594825,-0.0200428170469,-0.0554843804844,0.0556391202733,0
-0.498648607144,0.252306384841,-0.3585995086,0.100591669243,-0.08654995905,0.194627354627,-0.101965601966,0.244792032292,-0.289275184275,-0.416461916462,0.330804668305,-0.0107762594825,-0.0200428170469,-0.00446397232112,0.0556391202733,1
-0.49861789367,0.197511864293,0.0164004914005,-0.0308477298417,0.0467833742834,-0.0720393120393,-0.101965601966,0.0305063180063,-0.289275184275,0.0835380835381,0.330804668305,-0.0107762594825,-0.0200428170469,-0.0248721355864,0.0556391202733,0
-0.498587180196,0.0742241930598,0.0164004914005,-0.0417189486515,0.11345004095,0.261294021294,-0.435298935299,-0.183779396279,0.510724815725,0.0835380835381,-0.669195331695,-0.0107762594825,-0.0200428170469,-0.00446397232112,0.0556391202733,0
-0.498556466722,0.0331283026489,0.3914004914,-0.0598869985286,-0.153216625717,0.061294021294,-0.101965601966,-0.255207967708,-0.289275184275,0.0835380835381,0.330804668305,-0.0107762594825,-0.0200428170469,-0.00446397232112,0.0556391202733,0
-0.498525753248,-0.131255258995,0.0164004914005,0.0554761451397,-0.153216625717,0.061294021294,0.231367731368,0.244792032292,-0.0892751842752,0.0835380835381,0.330804668305,-0.0107762594825,-0.0200428170469,0.0261482725768,0.0556391202733,0
-0.498495039774,-0.186049779543,0.0164004914005,-0.10697139021,0.31345004095,-0.00537264537265,-0.101965601966,-0.183779396279,0.710724815725,-0.166461916462,-0.669195331695,-0.0107762594825,-0.0200428170469,-0.00446397232112,0.0556391202733,0
-0.4984643263,-0.281940190502,0.0164004914005,0.0252469985646,0.0467833742834,-0.0720393120393,0.231367731368,0.101934889435,0.310724815725,0.0835380835381,-0.669195331695,-0.0107762594825,-0.0200428170469,-0.106504788648,-0.895580391922,0
-0.498433612826,0.115320083471,0.0164004914005,-0.093687137076,0.246783374283,0.327960687961,-0.101965601966,0.244792032292,0.710724815725,0.0835380835381,-0.669195331695,-0.0107762594825,0.41659630141,0.199617660332,-0.505336489483,1
-0.498402899352,0.156415973882,-0.3585995086,0.0419738835567,-0.08654995905,0.194627354627,-0.435298935299,-0.183779396279,-0.0892751842752,0.0835380835381,0.330804668305,-0.0107762594825,-0.0200428170469,0.148597252169,0.0556391202733,1
-0.498372185878,0.115320083471,0.1414004914,-0.0542982398864,0.0467833742834,-0.0720393120393,-0.435298935299,-0.183779396279,-0.0892751842752,0.0835380835381,0.330804668305,-0.0107762594825,-0.0200428170469,0.199617660332,0.0556391202733,0
-0.498341472404,0.0605255629228,0.0164004914005,0.0327428217673,0.31345004095,-0.00537264537265,-0.101965601966,0.459077746578,-0.289275184275,0.0835380835381,0.330804668305,-0.0107762594825,-0.0200428170469,-0.00446397232112,0.0556391202733,1
-0.49831075893,0.101621453334,0.0164004914005,0.0182585034342,-0.419883292383,-0.472039312039,-0.101965601966,0.0305063180063,-0.289275184275,0.0835380835381,0.330804668305,-0.0107762594825,-0.0200428170469,-0.00446397232112,-0.261434050458,0
-0.498280045456,-0.0490634781731,0.0164004914005,-0.0906193982515,-0.153216625717,0.061294021294,-0.101965601966,0.101934889435,-0.289275184275,0.0835380835381,0.330804668305,-0.0107762594825,-0.0200428170469,-0.00446397232112,-0.0907023431414,0
-0.498249331982,0.0331283026489,0.0164004914005,-0.02880279701,0.0467833742834,-0.0720393120393,-0.101965601966,-0.398065110565,-0.289275184275,0.0835380835381,0.330804668305,-0.0107762594825,-0.0200428170469,0.0771686807401,0.0556391202733,0
-0.498218618508,-0.117556628858,0.0164004914005,-0.00111096994979,0.0467833742834,-0.0720393120393,-0.101965601966,0.0305063180063,-0.289275184275,0.0835380835381,0.330804668305,0.0393542418225,-0.0200428170469,-0.00446397232112,0.0556391202733,0
-0.498187905034,-0.117556628858,0.0164004914005,-0.0884841379317,-0.08654995905,0.194627354627,-0.101965601966,0.387649175149,-0.289275184275,0.0835380835381,0.330804668305,0.0132939812199,-0.0200428170469,-0.00446397232112,0.0556391202733,0
-0.49815719156,-0.090159368584,-0.4835995086,0.070736736547,-0.353216625717,-0.405372645373,0.0647010647011,-0.469493681994,-0.0892751842752,0.0835380835381,0.330804668305,-0.0107762594825,-0.0200428170469,-0.00446397232112,-0.895580391922,0
-0.498126478086,0.129018713608,0.0164004914005,-0.0272624756343,0.0467833742834,-0.0720393120393,-0.101965601966,0.530506318006,-0.289275184275,0.0835380835381,0.330804668305,-0.0107762594825,-0.0200428170469,-0.00446397232112,0.0556391202733,0
-0.498095764612,0.0468269327858,0.0164004914005,-0.0496799923755,-0.0198832923833,0.394627354627,-0.101965601966,0.244792032292,-0.289275184275,0.0835380835381,0.330804668305,-0.0107762594825,-0.0200428170469,0.0465564358422,0.0556391202733,1
-0.498065051138,-0.131255258995,0.0164004914005,-0.0571737781159,0.31345004095,-0.00537264537265,-0.435298935299,0.459077746578,-0.0892751842752,0.0835380835381,0.330804668305,-0.0107762594825,-0.0200428170469,0.179209497067,0.0556391202733,0
-0.498034337664,-0.0353648480361,0.0164004914005,-0.0232575042267,0.0467833742834,-0.0720393120393,-0.101965601966,-0.255207967708,-0.289275184275,0.0835380835381,0.330804668305,-0.0107762594825,-0.0200428170469,-0.00446397232112,0.0556391202733,0
-0.49800362419,-0.144953889132,0.0164004914005,-0.00448704471106,0.31345004095,-0.00537264537265,-0.435298935299,-0.398065110565,-0.0892751842752,0.0835380835381,-0.669195331695,-0.0107762594825,-0.0200428170469,-0.00446397232112,0.0556391202733,0
-0.497972910716,0.197511864293,0.0164004914005,-0.0135394889865,0.0467833742834,-0.0720393120393,-0.101965601966,-0.398065110565,0.710724815725,0.0835380835381,-0.669195331695,-0.0107762594825,-0.0200428170469,-0.00446397232112,0.0556391202733,1
-0.497942197242,0.142717343745,0.1414004914,0.00128983960184,0.31345004095,-0.00537264537265,-0.101965601966,-0.183779396279,-0.289275184275,0.0835380835381,0.330804668305,-0.0107762594825,-0.0200428170469,0.0975768440054,0.0556391202733,1
-0.497911483768,-0.186049779543,-0.4835995086,0.00740222601332,0.31345004095,-0.00537264537265,0.231367731368,-0.469493681994,0.310724815725,0.0835380835381,0.330804668305,-0.0107762594825,-0.0200428170469,-0.00446397232112,0.0556391202733,0
-0.497880770294,-0.268241560365,0.0164004914005,-0.0599508390089,0.31345004095,-0.00537264537265,0.231367731368,0.244792032292,0.310724815725,0.0835380835381,0.330804668305,-0.0107762594825,-0.0200428170469,-0.0860966253823,0.0556391202733,0
-0.49785005682,-0.103857998721,0.0164004914005,0.0816290091323,-0.08654995905,0.194627354627,0.398034398034,0.387649175149,0.310724815725,-0.416461916462,-0.669195331695,-0.0107762594825,-0.0200428170469,-0.00446397232112,0.0556391202733,0
-0.497819343346,-0.131255258995,0.2664004914,-0.0186657437236,-0.08654995905,0.194627354627,-0.101965601966,0.387649175149,-0.289275184275,0.0835380835381,0.330804668305,-0.0107762594825,-0.0200428170469,0.301658476658,0.0556391202733,1
-0.497788629872,-0.213447039817,0.0164004914005,0.0148708830541,0.31345004095,-0.00537264537265,0.231367731368,0.0305063180063,-0.0892751842752,0.0835380835381,0.330804668305,-0.0107762594825,-0.0200428170469,-0.00446397232112,0.0556391202733,0
-0.497757916398,0.553676247854,0.0164004914005,-0.0441706947566,0.31345004095,-0.00537264537265,-0.101965601966,0.244792032292,0.110724815725,0.0835380835381,0.330804668305,-0.0107762594825,-0.0200428170469,-0.208545604974,0.0556391202733,0
-0.497727202924,-0.158652519269,0.0164004914005,0.0163942255787,0.0467833742834,-0.0720393120393,0.231367731368,0.101934889435,0.310724815725,0.0835380835381,0.330804668305,-0.0107762594825,-0.0200428170469,-0.00446397232112,-0.261434050458,0
-0.49769648945,0.0194296725119,0.0164004914005,-0.107012818607,-0.219883292383,0.127960687961,-0.101965601966,-0.398065110565,-0.289275184275,0.0835380835381,0.330804668305,-0.0107762594825,-0.0200428170469,-0.00446397232112,0.0556391202733,0
-0.497665775976,0.38929268621,-0.4835995086,0.0156050485775,-0.68654995905,-0.272039312039,-0.101965601966,-0.469493681994,-0.289275184275,0.0835380835381,0.330804668305,-0.0107762594825,-0.0200428170469,-0.392219074362,0.0556391202733,0
-0.497635062502,-0.281940190502,0.0164004914005,0.0813980967567,-0.619883292383,-0.205372645373,0.231367731368,0.101934889435,0.310724815725,0.0835380835381,-0.669195331695,-0.0107762594825,-0.0200428170469,-0.188137441709,0.0556391202733,0
-0.497604349028,-0.103857998721,-0.2335995086,-0.0433672555205,-0.353216625717,-0.405372645373,-0.101965601966,-0.112350824851,-0.289275184275,0.0835380835381,0.330804668305,-0.0107762594825,-0.0200428170469,-0.00446397232112,0.0556391202733,0
-0.497573635554,-0.281940190502,0.0164004914005,0.1745814276,0.0467833742834,-0.0720393120393,0.231367731368,0.387649175149,-0.0892751842752,0.0835380835381,0.330804668305,-0.0107762594825,-0.0200428170469,-0.106504788648,0.0556391202733,0
-0.49754292208,0.183813234156,0.0164004914005,0.0589051939165,-0.08654995905,0.194627354627,-0.101965601966,0.101934889435,-0.289275184275,0.0835380835381,0.330804668305,-0.0107762594825,-0.0200428170469,-0.00446397232112,-0.77362917241,0
-0.497512208606,0.101621453334,0.0164004914005,-0.0938345135039,0.0467833742834,-0.0720393120393,-0.101965601966,0.101934889435,0.710724815725,0.0835380835381,-0.669195331695,-0.0107762594825,-0.0200428170469,-0.00446397232112,0.0556391202733,0
-0.497481495132,0.279703645115,0.0164004914005,-0.0202692264255,0.0467833742834,-0.0720393120393,-0.101965601966,0.387649175149,-0.289275184275,0.0835380835381,0.330804668305,-0.0107762594825,-0.0200428170469,0.0771686807401,0.0556391202733,0
-0.497450781658,0.0742241930598,0.0164004914005,0.104460130687,0.0467833742834,-0.0720393120393,-0.435298935299,-0.255207967708,-0.0892751842752,0.0835380835381,-0.669195331695,0.132665174932,-0.0200428170469,-0.00446397232112,0.0556391202733,1
-0.497420068184,0.197511864293,0.0164004914005,0.106268038757,0.0467833742834,-0.0720393120393,-0.435298935299,0.387649175149,0.310724815725,0.0835380835381,-0.669195331695,-0.0107762594825,-0.0200428170469,-0.0554843804844,0.0556391202733,0
-0.49738935471,0.142717343745,-0.2335995086,0.0532811192639,0.0467833742834,-0.0720393120393,-0.101965601966,0.316220603721,-0.289275184275,0.0835380835381,0.330804668305,-0.0107762594825,-0.0200428170469,-0.00446397232112,0.0556391202733,1
-0.497358641236,-0.076460738447,0.0164004914005,0.00833266705596,0.11345004095,0.261294021294,-0.101965601966,0.244792032292,-0.289275184275,0.0835380835381,0.330804668305,-0.0107762594825,-0.0200428170469,0.0975768440054,0.0556391202733,0
-0.497327927762,-0.117556628858,0.0164004914005,-0.0919899311158,-0.28654995905,-0.338705978706,0.231367731368,0.387649175149,-0.0892751842752,0.0835380835381,0.330804668305,-0.0107762594825,-0.0200428170469,-0.00446397232112,0.0556391202733,0
-0.497297214288,0.0605255629228,-0.3585995086,0.150150898267,-0.0198832923833,0.394627354627,0.231367731368,0.244792032292,-0.0892751842752,0.0835380835381,-0.669195331695,-0.0107762594825,-0.0200428170469,0.0975768440054,0.0556391202733,1
-0.497266500814,0.252306384841,0.0164004914005,0.0408818038512,-0.153216625717,0.061294021294,-0.101965601966,0.244792032292,-0.289275184275,0.0835380835381,0.330804668305,-0.0107762594825,-0.0200428170469,-0.00446397232112,0.0556391202733,0
-0.49723578734,-0.0216662178991,0.0164004914005,0.0658427524935,0.31345004095,-0.00537264537265,-0.435298935299,-0.255207967708,0.510724815725,0.0835380835381,-0.669195331695,-0.0107762594825,-0.0200428170469,-0.00446397232112,0.0556391202733,0
-0.497205073866,-0.144953889132,0.0164004914005,0.0154719343846,0.31345004095,-0.00537264537265,-0.435298935299,0.0305063180063,0.510724815725,-0.416461916462,-0.669195331695,-0.0107762594825,-0.0200428170469,-0.157525196811,0.0556391202733,0
-0.497174360392,-0.117556628858,0.0164004914005,-0.0489227356145,0.0467833742834,-0.0720393120393,-0.101965601966,0.387649175149,0.710724815725,-0.666461916462,-0.669195331695,-0.0107762594825,0.341068294064,-0.0554843804844,-0.895580391922,0
-0.497143646918,-0.0627621083101,-0.2335995086,0.0247987568945,-0.08654995905,0.194627354627,-0.101965601966,0.316220603721,-0.289275184275,0.0835380835381,0.330804668305,-0.0107762594825,-0.0200428170469,-0.00446397232112,0.0556391202733,1
-0.497112933444,-0.131255258995,-0.2335995086,-0.0503910666613,0.31345004095,-0.00537264537265,0.231367731368,-0.0409222534223,-0.0892751842752,0.0835380835381,0.330804668305,-0.0107762594825,-0.0200428170469,0.0975768440054,0.0556391202733,0
-0.49708221997,0.129018713608,0.2664004914,0.00101546136737,-0.0198832923833,0.394627354627,-0.101965601966,0.244792032292,-0.289275184275,0.0835380835381,0.330804668305,-0.0107762594825,0.41659630141,0.199617660332,0.0556391202733,1
-0.497051506496,-0.0216662178991,0.0164004914005,0.00876189241285,0.31345004095,-0.00537264537265,-0.101965601966,0.387649175149,-0.289275184275,0.0835380835381,0.330804668305,-0.0107762594825,-0.0200428170469,0.0771686807401,0.0556391202733,1
-0.497020793022,0.129018713608,0.0164004914005,-0.0126912255834,-0.219883292383,0.127960687961,-0.435298935299,-0.183779396279,0.510724815725,0.0835380835381,-0.669195331695,-0.0107762594825,-0.0200428170469,-0.00446397232112,-0.6760681968,0
-0.496990079548,-0.090159368584,-0.3585995086,0.0404960443532,0.0467833742834,-0.0720393120393,0.231367731368,0.101934889435,0.310724815725,-0.416461916462,0.330804668305,-0.0107762594825,-0.0200428170469,-0.00446397232112,0.0556391202733,0
-0.496959366074,0.512580357443,0.0164004914005,-0.0445462669439,0.11345004095,0.261294021294,-0.101965601966,-0.183779396279,-0.289275184275,0.0835380835381,0.330804668305,-0.0107762594825,-0.0200428170469,-0.00446397232112,0.0556391202733,1
-0.4969286526,0.0742241930598,0.0164004914005,0.00577293545764,-0.08654995905,0.194627354627,-0.101965601966,-0.183779396279,-0.289275184275,0.0835380835381,0.330804668305,0.139465242933,-0.0200428170469,0.199617660332,0.0556391202733,1
-0.496897939126,0.115320083471,0.2664004914,-0.0276183523543,0.11345004095,0.261294021294,0.231367731368,0.244792032292,-0.0892751842752,0.0835380835381,-0.669195331695,-0.0107762594825,-0.0200428170469,0.0975768440054,0.0556391202733,0
-0.496867225652,-0.254542930228,0.0164004914005,-0.00100638022675,0.31345004095,-0.00537264537265,0.231367731368,0.459077746578,0.310724815725,0.0835380835381,-0.669195331695,-0.0107762594825,-0.0200428170469,-0.00446397232112,0.0556391202733,0
-0.496836512178,-0.131255258995,0.0164004914005,-0.058644825779,0.0467833742834,-0.0720393120393,0.231367731368,-0.255207967708,-0.0892751842752,0.0835380835381,0.330804668305,-0.0107762594825,-0.0200428170469,-0.00446397232112,0.0556391202733,0
-0.496805798704,-0.090159368584,0.1414004914,0.0868489871277,0.0467833742834,-0.0720393120393,-0.101965601966,-0.255207967708,-0.289275184275,0.0835380835381,0.330804668305,0.0661045093252,-0.0200428170469,-0.00446397232112,0.0556391202733,1
-0.49677508523,-0.295638820639,-0.4835995086,0.078164644345,-0.68654995905,-0.272039312039,0.231367731368,-0.469493681994,0.310724815725,0.0835380835381,-0.669195331695,0.330177150052,-0.0200428170469,-0.0860966253823,0.0556391202733,0
-0.496744371756,-0.117556628858,0.0164004914005,0.00347671562906,-0.619883292383,-0.205372645373,0.231367731368,-0.0409222534223,0.310724815725,0.0835380835381,0.330804668305,-0.0107762594825,-0.0200428170469,-0.00446397232112,0.0556391202733,0
-0.496713658282,-0.103857998721,-0.2335995086,-0.000350996572625,0.0467833742834,-0.0720393120393,0.231367731368,-0.398065110565,-0.0892751842752,0.0835380835381,-0.669195331695,-0.0107762594825,-0.0200428170469,-0.00446397232112,0.0556391202733,0
-0.496682944808,0.0468269327858,0.0164004914005,-0.0442060107669,0.0467833742834,-0.0720393120393,-0.101965601966,-0.0409222534223,-0.289275184275,0.0835380835381,0.330804668305,-0.0107762594825,-0.0200428170469,-0.00446397232112,0.0556391202733,0
-0.496652231334,-0.19974840968,0.0164004914005,0.164758822637,-0.08654995905,0.194627354627,0.231367731368,0.387649175149,0.110724815725,0.0835380835381,0.330804668305,-0.0107762594825,-0.0200428170469,-0.00446397232112,0.0556391202733,0
-0.49662151786,-0.00796758776211,0.0164004914005,-0.0845260281533,0.246783374283,0.327960687961,-0.101965601966,0.244792032292,-0.289275184275,0.0835380835381,0.330804668305,-0.0107762594825,-0.0200428170469,-0.00446397232112,0.0556391202733,1
-0.496590804386,0.238607754704,0.2664004914,0.0990364064781,0.0467833742834,-0.0720393120393,-0.101965601966,0.101934889435,-0.289275184275,0.0835380835381,0.330804668305,-0.0107762594825,0.41315277524,0.0975768440054,-0.846799904117,1
-0.496560090912,-0.144953889132,0.0164004914005,0.127740173066,0.31345004095,-0.00537264537265,-0.101965601966,0.387649175149,0.710724815725,0.0835380835381,-0.669195331695,0.0298641469216,-0.0200428170469,-0.157525196811,0.0556391202733,0
-0.496529377438,-0.0353648480361,0.0164004914005,-0.0590305852769,0.0467833742834,-0.0720393120393,0.231367731368,0.0305063180063,0.310724815725,0.0835380835381,-0.669195331695,-0.0107762594825,-0.0200428170469,-0.00446397232112,0.0556391202733,0
-0.496498663964,0.197511864293,0.0164004914005,-0.0639320400249,-0.28654995905,-0.338705978706,-0.101965601966,-0.0409222534223,-0.289275184275,0.0835380835381,0.330804668305,-0.0107762594825,-0.0200428170469,0.0975768440054,0.0556391202733,0
-0.49646795049,0.238607754704,0.1414004914,0.0769537126815,0.31345004095,-0.00537264537265,-0.101965601966,0.387649175149,-0.289275184275,0.0835380835381,0.330804668305,-0.0107762594825,-0.0200428170469,0.0975768440054,0.0556391202733,0
-0.496437237016,0.142717343745,-0.2335995086,0.00515422612199,-0.153216625717,0.061294021294,-0.101965601966,-0.255207967708,-0.289275184275,-0.416461916462,0.330804668305,-0.0107762594825,-0.0200428170469,-0.00446397232112,0.0556391202733,1
-0.496406523542,0.224909124567,0.0164004914005,0.0392348552903,0.31345004095,-0.00537264537265,-0.101965601966,0.387649175149,-0.289275184275,0.0835380835381,0.330804668305,-0.0107762594825,-0.0200428170469,0.158801333801,0.0556391202733,0
-0.496375810068,-0.227145669954,0.0164004914005,-0.0591881490155,0.0467833742834,-0.0720393120393,0.231367731368,-0.255207967708,-0.0892751842752,0.0835380835381,0.330804668305,-0.0107762594825,-0.0200428170469,0.00574010931154,0.0556391202733,0
-0.496345096594,-0.240844300091,0.0164004914005,0.0068819940143,0.31345004095,-0.00537264537265,0.231367731368,0.101934889435,0.310724815725,0.0835380835381,-0.669195331695,-0.0107762594825,-0.0200428170469,-0.00446397232112,0.0556391202733,0
-0.49631438312,0.0194296725119,0.0164004914005,-0.0481715912399,-0.08654995905,0.194627354627,-0.101965601966,-0.183779396279,-0.289275184275,0.0835380835381,0.330804668305,-0.0107762594825,-0.0200428170469,0.199617660332,0.0556391202733,0
-0.496283669646,-0.117556628858,0.0164004914005,-0.0764991064869,-0.08654995905,0.194627354627,0.231367731368,-0.183779396279,0.310724815725,-0.416461916462,0.330804668305,-0.0107762594825,-0.0200428170469,-0.00446397232112,-0.627287708995,0
-0.496252956172,-0.131255258995,0.3914004914,0.0531147265227,-0.08654995905,0.194627354627,-0.101965601966,0.244792032292,-0.289275184275,0.0835380835381,0.330804668305,-0.0107762594825,-0.0200428170469,0.0975768440054,0.0556391202733,1
-0.496222242698,-0.268241560365,0.0164004914005,0.0759458480777,0.31345004095,-0.00537264537265,0.231367731368,0.101934889435,0.310724815725,-0.416461916462,0.330804668305,-0.0107762594825,-0.0200428170469,-0.0554843804844,0.0556391202733,0
-0.496191529224,0.115320083471,0.0164004914005,0.0665884636357,-0.08654995905,0.194627354627,-0.101965601966,-0.183779396279,0.710724815725,0.0835380835381,-0.669195331695,-0.0107762594825,-0.0200428170469,-0.00446397232112,0.0556391202733,1
-0.49616081575,-0.254542930228,0.0164004914005,-0.0530316175911,0.31345004095,-0.00537264537265,0.231367731368,-0.398065110565,0.310724815725,0.0835380835381,-0.669195331695,-0.0107762594825,0.374585282127,-0.126912951913,0.0556391202733,0
-0.496130102276,-0.103857998721,0.0164004914005,-0.0508311584829,-0.219883292383,0.127960687961,-0.101965601966,-0.398065110565,-0.289275184275,0.0835380835381,0.330804668305,-0.0107762594825,-0.0200428170469,-0.00446397232112,0.0556391202733,1
-0.496099388802,-0.0490634781731,-0.4835995086,-0.041073073154,0.0467833742834,-0.0720393120393,-0.101965601966,-0.469493681994,-0.289275184275,0.0835380835381,0.330804668305,-0.0107762594825,-0.0200428170469,-0.00446397232112,0.0556391202733,0
-0.496068675328,0.00573104237488,0.0164004914005,0.119502034492,0.31345004095,-0.00537264537265,-0.435298935299,-0.255207967708,-0.0892751842752,0.0835380835381,0.330804668305,-0.0107762594825,-0.0200428170469,-0.00446397232112,0.0556391202733,0
-0.496037961854,-0.144953889132,0.0164004914005,-0.0816077032188,-0.219883292383,0.127960687961,0.231367731368,0.387649175149,-0.0892751842752,0.0835380835381,-0.669195331695,-0.0107762594825,-0.0200428170469,0.199617660332,0.0556391202733,0
-0.49600724838,-0.19974840968,0.0164004914005,-0.0994680963132,0.0467833742834,-0.0720393120393,0.231367731368,0.101934889435,-0.0892751842752,0.0835380835381,-0.669195331695,-0.0107762594825,0.384456723816,-0.00446397232112,0.0556391202733,0
-0.495976534906,-0.00796758776211,0.2664004914,-0.0467236348144,0.0467833742834,-0.0720393120393,-0.101965601966,-0.255207967708,-0.289275184275,0.0835380835381,0.330804668305,0.0330841791219,-0.0200428170469,-0.0554843804844,0.0556391202733,0
-0.495945821432,-0.0216662178991,0.0164004914005,0.0437512296943,-0.08654995905,0.194627354627,-0.101965601966,0.387649175149,-0.289275184275,0.0835380835381,0.330804668305,-0.0107762594825,-0.0200428170469,0.0975768440054,0.0556391202733,0
-0.495915107958,0.101621453334,0.0164004914005,-0.0296021613218,-0.219883292383,0.127960687961,-0.435298935299,0.459077746578,-0.0892751842752,-0.416461916462,-0.669195331695,-0.0107762594825,-0.0200428170469,-0.0452802988517,0.0556391202733,0
-0.495884394484,-0.00796758776211,-0.3585995086,-0.0433631805962,0.11345004095,0.261294021294,-0.101965601966,0.244792032292,-0.289275184275,0.0835380835381,0.330804668305,-0.0107762594825,-0.0200428170469,-0.00446397232112,-0.407775513873,1
-0.49585368101,0.0605255629228,0.2664004914,-0.0902336387535,0.0467833742834,-0.0720393120393,-0.101965601966,-0.255207967708,-0.289275184275,0.0835380835381,0.330804668305,-0.0107762594825,-0.0200428170469,0.199617660332,0.0556391202733,0
-0.495822967536,-0.158652519269,0.0164004914005,-0.0181027250197,-0.153216625717,0.061294021294,-0.101965601966,-0.398065110565,0.710724815725,0.0835380835381,-0.669195331695,-0.0107762594825,-0.0200428170469,-0.0554843804844,0.0556391202733,0
-0.495792254062,-0.254542930228,0.0164004914005,-0.105589311727,0.31345004095,-0.00537264537265,0.231367731368,0.387649175149,0.310724815725,0.0835380835381,0.330804668305,-0.0107762594825,-0.0200428170469,-0.208545604974,0.0556391202733,0
-0.495761540588,0.142717343745,0.0164004914005,-0.0732187924461,0.31345004095,-0.00537264537265,-0.101965601966,-0.255207967708,-0.289275184275,-0.666461916462,0.330804668305,-0.0107762594825,-0.0200428170469,-0.00446397232112,0.0556391202733,1
-0.495730827114,0.307100905389,0.1414004914,-0.0836499194343,0.0467833742834,-0.0720393120393,-0.101965601966,-0.255207967708,-0.289275184275,0.0835380835381,0.330804668305,-0.0107762594825,-0.0200428170469,-0.00446397232112,0.0556391202733,0
-0.49570011364,-0.158652519269,0.0164004914005,0.029203750035,0.31345004095,-0.00537264537265,0.231367731368,0.387649175149,0.310724815725,0.0835380835381,-0.669195331695,-0.0107762594825,-0.0200428170469,-0.00446397232112,0.0556391202733,0
-0.495669400166,-0.268241560365,0.0164004914005,0.0863110971235,0.31345004095,-0.00537264537265,0.231367731368,0.101934889435,0.310724815725,0.0835380835381,0.330804668305,-0.0107762594825,-0.0200428170469,-0.106504788648,-0.261434050458,0
-0.495638686692,0.0879228231968,0.0164004914005,0.004619731888,-0.153216625717,0.061294021294,0.231367731368,0.244792032292,-0.0892751842752,0.0835380835381,-0.669195331695,-0.0107762594825,0.339002178362,-0.00446397232112,0.0556391202733,1
-0.495607973218,0.430388576621,0.0164004914005,-0.0573245503141,0.31345004095,-0.00537264537265,0.231367731368,0.459077746578,0.110724815725,0.0835380835381,0.330804668305,-0.0107762594825,-0.0200428170469,-0.00446397232112,0.0556391202733,0
-0.495577259744,-0.103857998721,0.0164004914005,-0.00269475718441,0.0467833742834,-0.0720393120393,0.231367731368,0.530506318006,0.510724815725,-0.416461916462,-0.669195331695,-0.0107762594825,-0.0200428170469,-0.106504788648,0.0556391202733,0
-0.49554654627,-0.227145669954,0.0164004914005,-0.00978512542173,0.31345004095,-0.00537264537265,-0.101965601966,0.101934889435,-0.289275184275,0.0835380835381,0.330804668305,-0.0107762594825,-0.0200428170469,-0.167729278444,0.0556391202733,0
-0.495515832796,-0.0353648480361,0.0164004914005,-0.0553434579627,0.0467833742834,-0.0720393120393,0.564701064701,0.101934889435,0.510724815725,0.0835380835381,-0.669195331695,-0.0107762594825,-0.0200428170469,-0.167729278444,0.0556391202733,0
-0.495485119322,0.3481967958,0.0164004914005,-0.0058066410219,-0.619883292383,-0.205372645373,-0.101965601966,-0.255207967708,-0.289275184275,0.0835380835381,0.330804668305,-0.0107762594825,0.480186751364,-0.00446397232112,0.0556391202733,0
-0.495454405848,0.0605255629228,-0.4835995086,-0.0102686831023,0.31345004095,-0.00537264537265,-0.435298935299,-0.469493681994,-0.0892751842752,0.0835380835381,-0.669195331695,-0.0107762594825,-0.0200428170469,-0.00446397232112,0.0556391202733,0
-0.495423692374,0.115320083471,-0.2335995086,-0.00256232214549,0.31345004095,-0.00537264537265,-0.435298935299,-0.398065110565,0.510724815725,0.0835380835381,-0.669195331695,-0.0107762594825,-0.0200428170469,-0.0248721355864,-0.261434050458,0
-0.4953929789,-0.0627621083101,0.0164004914005,0.00570569920711,0.0467833742834,-0.0720393120393,0.231367731368,-0.398065110565,-0.0892751842752,0.0835380835381,-0.669195331695,-0.0107762594825,-0.0200428170469,-0.00446397232112,0.0556391202733,0
-0.495362265426,-0.076460738447,0.0164004914005,-0.0181869401213,-0.08654995905,0.194627354627,0.231367731368,-0.183779396279,0.110724815725,-0.666461916462,-0.669195331695,-0.0107762594825,-0.0200428170469,-0.00446397232112,-0.163873074849,0
-0.495331551952,-0.240844300091,0.0164004914005,0.0722458168366,0.0467833742834,-0.0720393120393,0.231367731368,-0.255207967708,0.310724815725,0.0835380835381,0.330804668305,-0.0107762594825,-0.0200428170469,-0.0554843804844,0.0556391202733,0
-0.495300838478,0.183813234156,-0.4835995086,0.0428690085889,0.0467833742834,-0.0720393120393,-0.435298935299,-0.469493681994,-0.0892751842752,0.0835380835381,0.330804668305,-0.0107762594825,-0.0200428170469,0.0465564358422,0.0556391202733,1
-0.495270125004,0.129018713608,0.0164004914005,-0.00140368534349,0.0467833742834,-0.0720393120393,-0.101965601966,-0.255207967708,-0.289275184275,0.0835380835381,0.330804668305,-0.0107762594825,-0.0200428170469,0.0567605174748,0.0556391202733,0
-0.49523941153,-0.213447039817,0.0164004914005,0.0168159802411,-0.08654995905,0.194627354627,0.231367731368,-0.0409222534223,-0.0892751842752,0.0835380835381,0.330804668305,-0.0107762594825,-0.0200428170469,-0.00446397232112,0.0556391202733,0
-0.495208698056,0.444087206758,0.2664004914,0.206762462902,0.31345004095,-0.00537264537265,0.398034398034,0.387649175149,0.510724815725,-0.416461916462,0.330804668305,-0.0107762594825,0.396853418031,-0.392219074362,0.0556391202733,0
-0.495177984582,-0.131255258995,0.0164004914005,0.00119068311116,0.0467833742834,-0.0720393120393,-0.435298935299,-0.255207967708,-0.0892751842752,0.0835380835381,0.330804668305,-0.0107762594825,-0.0200428170469,0.199617660332,0.0556391202733,0
-0.495147271108,0.0468269327858,0.0164004914005,0.0262657296332,-0.08654995905,0.194627354627,0.398034398034,0.101934889435,0.110724815725,-0.416461916462,0.330804668305,-0.0107762594825,-0.0200428170469,0.0975768440054,0.0556391202733,0
-0.495116557634,0.402991316347,-0.4835995086,-0.102867941466,-0.48654995905,-0.538705978706,-0.435298935299,-0.469493681994,-0.0892751842752,0.0835380835381,-0.669195331695,-0.0107762594825,-0.0200428170469,-0.208545604974,0.0556391202733,0
-0.49508584416,-0.186049779543,0.0164004914005,0.042766456328,0.0467833742834,-0.0720393120393,0.231367731368,0.101934889435,0.510724815725,0.0835380835381,-0.669195331695,-0.0107762594825,-0.0200428170469,-0.00446397232112,0.0556391202733,0
-0.495055130686,0.0742241930598,0.1414004914,-0.0756630678566,0.11345004095,0.261294021294,-0.435298935299,-0.183779396279,0.510724815725,-0.666461916462,-0.669195331695,-0.0107762594825,-0.0200428170469,-0.00446397232112,0.0556391202733,0
-0.495024417212,-0.144953889132,0.0164004914005,-0.0688409654674,0.0467833742834,-0.0720393120393,0.231367731368,-0.183779396279,-0.0892751842752,-0.666461916462,-0.669195331695,-0.0107762594825,-0.0200428170469,-0.00446397232112,-0.6760681968,0
-0.494993703738,0.0879228231968,0.2664004914,0.00767320847756,0.11345004095,0.261294021294,-0.101965601966,0.387649175149,-0.289275184275,0.0835380835381,0.330804668305,-0.0107762594825,-0.0200428170469,-0.00446397232112,0.0556391202733,1
-0.494962990264,-0.0353648480361,0.0164004914005,0.0118004276134,0.31345004095,-0.00537264537265,-0.435298935299,0.101934889435,0.510724815725,0.0835380835381,-0.669195331695,-0.0107762594825,-0.0200428170469,-0.00446397232112,-0.261434050458,0
-0.49493227679,0.00573104237488,-0.3585995086,0.0310395034206,-0.219883292383,0.127960687961,0.231367731368,-0.183779396279,-0.0892751842752,0.0835380835381,0.330804668305,-0.0107762594825,-0.0200428170469,0.0159441909442,0.0556391202733,0
-0.494901563316,0.101621453334,0.3914004914,-0.0591908656317,0.11345004095,0.261294021294,0.564701064701,0.316220603721,0.510724815725,0.0835380835381,0.330804668305,-0.0107762594825,-0.0200428170469,-0.00446397232112,0.0556391202733,0
-0.494870849842,-0.281940190502,0.0164004914005,-0.111349896343,-0.619883292383,-0.205372645373,0.231367731368,-0.0409222534223,0.310724815725,0.0835380835381,0.330804668305,-0.0107762594825,-0.0200428170469,-0.249361931505,0.0556391202733,0
-0.494840136368,0.375594056074,-0.2335995086,-0.0916557873253,-0.153216625717,0.061294021294,0.564701064701,0.244792032292,-0.0892751842752,0.0835380835381,-0.669195331695,-0.0107762594825,-0.0200428170469,-0.208545604974,0.0556391202733,0
-0.494809422894,-0.158652519269,0.0164004914005,-0.044028751561,0.0467833742834,-0.0720393120393,0.231367731368,0.101934889435,-0.0892751842752,0.0835380835381,0.330804668305,-0.0107762594825,0.434502637499,-0.00446397232112,0.0556391202733,0
-0.49477870942,-0.144953889132,0.3914004914,-0.00981840396997,0.0467833742834,-0.0720393120393,-0.101965601966,0.316220603721,-0.289275184275,0.0835380835381,0.330804668305,-0.0107762594825,-0.0200428170469,-0.00446397232112,0.0556391202733,0
-0.494747995946,0.170114604019,0.0164004914005,-0.0636501910959,0.31345004095,-0.00537264537265,-0.101965601966,0.387649175149,-0.289275184275,0.0835380835381,0.330804668305,-0.0107762594825,0.433813932264,-0.00446397232112,0.0556391202733,1
-0.494717282472,-0.158652519269,0.0164004914005,0.161807219154,-0.08654995905,0.194627354627,0.231367731368,-0.255207967708,-0.0892751842752,0.0835380835381,0.330804668305,-0.0107762594825,-0.0200428170469,0.0975768440054,0.0556391202733,0
-0.494686568998,-0.144953889132,0.3914004914,-0.027273342099,-0.08654995905,0.194627354627,-0.101965601966,0.244792032292,-0.289275184275,0.0835380835381,0.330804668305,-0.0107762594825,-0.0200428170469,-0.00446397232112,0.0556391202733,1
-0.494655855524,-0.158652519269,0.0164004914005,0.0434877179246,0.0467833742834,-0.0720393120393,0.0647010647011,0.387649175149,0.510724815725,0.0835380835381,-0.669195331695,-0.0107762594825,-0.0200428170469,-0.157525196811,0.0556391202733,0
-0.49462514205,-0.240844300091,0.0164004914005,0.0836542464966,0.0467833742834,-0.0720393120393,0.231367731368,-0.255207967708,0.310724815725,-0.416461916462,0.330804668305,-0.0107762594825,-0.0200428170469,-0.00446397232112,0.0556391202733,0
-0.494594428576,-0.0627621083101,0.0164004914005,0.199668019741,0.0467833742834,-0.0720393120393,0.231367731368,-0.0409222534223,-0.0892751842752,-0.416461916462,0.330804668305,-0.0107762594825,-0.0200428170469,-0.00446397232112,0.0556391202733,0
-0.494563715102,-0.281940190502,0.0164004914005,-0.00397428340654,0.0467833742834,-0.0720393120393,0.231367731368,0.101934889435,0.310724815725,0.0835380835381,0.330804668305,-0.0107762594825,-0.0200428170469,-0.290178258035,0.0556391202733,0
-0.494533001628,-0.076460738447,0.0164004914005,-0.103576299136,-0.08654995905,0.194627354627,-0.101965601966,0.244792032292,-0.289275184275,0.0835380835381,0.330804668305,-0.0107762594825,-0.0200428170469,0.250638068495,0.0556391202733,0
-0.494502288154,0.0742241930598,-0.2335995086,-0.00573057576878,0.31345004095,-0.00537264537265,-0.101965601966,-0.183779396279,-0.289275184275,-0.416461916462,0.330804668305,-0.0107762594825,-0.0200428170469,-0.0248721355864,0.0556391202733,1
-0.49447157468,0.0605255629228,0.0164004914005,-0.0510736164773,0.31345004095,-0.00537264537265,-0.435298935299,-0.398065110565,-0.0892751842752,0.0835380835381,-0.669195331695,-0.0107762594825,-0.0200428170469,-0.00446397232112,0.0556391202733,0
-0.494440861206,-0.117556628858,0.0164004914005,0.301517356207,0.31345004095,-0.00537264537265,0.231367731368,-0.255207967708,-0.0892751842752,-0.416461916462,0.330804668305,-0.0107762594825,-0.0200428170469,0.0465564358422,0.0556391202733,0
-0.494410147732,0.0194296725119,0.0164004914005,0.0655982570371,-0.353216625717,-0.405372645373,-0.101965601966,0.0305063180063,-0.289275184275,0.0835380835381,0.330804668305,-0.0107762594825,-0.0200428170469,-0.00446397232112,-0.261434050458,1
-0.494379434258,-0.0216662178991,-0.3585995086,-0.109158945392,0.31345004095,-0.00537264537265,-0.101965601966,-0.398065110565,-0.289275184275,0.0835380835381,0.330804668305,-0.0107762594825,-0.0200428170469,0.0159441909442,0.0556391202733,1
-0.494348720784,-0.0627621083101,0.0164004914005,0.0775921174845,0.0467833742834,-0.0720393120393,-0.101965601966,-0.398065110565,-0.289275184275,-0.416461916462,0.330804668305,-0.0107762594825,-0.0200428170469,-0.00446397232112,0.0556391202733,0
-0.49431800731,0.0331283026489,0.2664004914,-0.031684447626,-0.08654995905,0.194627354627,-0.435298935299,-0.183779396279,-0.0892751842752,0.0835380835381,-0.669195331695,-0.0107762594825,-0.0200428170469,-0.00446397232112,0.0556391202733,0
-0.494287293836,0.197511864293,-0.4835995086,-0.0371339796889,-0.08654995905,0.194627354627,-0.435298935299,-0.469493681994,-0.0892751842752,0.0835380835381,-0.669195331695,-0.0107762594825,-0.0200428170469,0.0975768440054,0.0556391202733,0
-0.494256580362,-0.103857998721,0.0164004914005,-0.0610245815552,0.11345004095,0.261294021294,-0.101965601966,0.244792032292,0.710724815725,0.0835380835381,-0.669195331695,-0.0107762594825,-0.0200428170469,0.0975768440054,0.0556391202733,0
-0.494225866888,0.266005014978,0.3914004914,-0.0544782157085,-0.0198832923833,0.394627354627,-0.101965601966,0.244792032292,-0.289275184275,0.0835380835381,0.330804668305,-0.0107762594825,-0.0200428170469,-0.402423155995,0.0556391202733,1
-0.494195153414,-0.00796758776211,0.0164004914005,-0.0234714377511,0.31345004095,-0.00537264537265,-0.435298935299,0.0305063180063,-0.0892751842752,-0.416461916462,-0.669195331695,-0.0107762594825,-0.0200428170469,-0.126912951913,0.0556391202733,0
-0.49416443994,-0.19974840968,0.0164004914005,-0.0205205134224,0.31345004095,-0.00537264537265,-0.101965601966,0.0305063180063,-0.289275184275,0.0835380835381,0.330804668305,-0.0107762594825,-0.0200428170469,-0.00446397232112,0.0556391202733,0
-0.494133726466,0.0331283026489,-0.2335995086,0.226924509058,-0.08654995905,0.194627354627,-0.101965601966,-0.255207967708,-0.289275184275,-0.416461916462,0.330804668305,-0.0107762594825,-0.0200428170469,-0.00446397232112,0.0556391202733,0
-0.494103012992,0.115320083471,0.0164004914005,-0.0467548759005,0.31345004095,-0.00537264537265,-0.101965601966,0.459077746578,-0.289275184275,0.0835380835381,0.330804668305,-0.0107762594825,-0.0200428170469,0.0465564358422,0.0556391202733,0
-0.494072299518,0.0331283026489,-0.3585995086,-0.0400849040175,-0.08654995905,0.194627354627,-0.101965601966,0.459077746578,-0.289275184275,0.0835380835381,0.330804668305,-0.0107762594825,-0.0200428170469,-0.167729278444,0.0556391202733,0
-0.494041586044,-0.213447039817,0.0164004914005,0.00516509258672,-0.419883292383,-0.472039312039,-0.101965601966,0.530506318006,0.110724815725,0.0835380835381,0.330804668305,-0.0107762594825,-0.0200428170469,-0.00446397232112,-0.261434050458,0
-0.49401087257,-0.0353648480361,0.0164004914005,-0.0614008328965,0.31345004095,-0.00537264537265,-0.435298935299,-0.255207967708,-0.0892751842752,0.0835380835381,0.330804668305,-0.0107762594825,-0.0200428170469,-0.00446397232112,0.0556391202733,0
-0.493980159096,0.0194296725119,-0.3585995086,-0.0903185330092,0.11345004095,0.261294021294,0.231367731368,-0.183779396279,-0.0892751842752,0.0835380835381,-0.669195331695,0.130065148932,-0.0200428170469,0.148597252169,0.0556391202733,1
-0.493949445622,-0.0490634781731,0.0164004914005,-0.0344941079131,0.11345004095,0.261294021294,-0.101965601966,0.244792032292,0.110724815725,0.0835380835381,0.330804668305,0.0622044703248,-0.0200428170469,-0.00446397232112,0.0556391202733,1
-0.493918732148,-0.19974840968,0.2664004914,-0.106532656697,0.0467833742834,-0.0720393120393,0.231367731368,0.387649175149,-0.0892751842752,0.0835380835381,0.330804668305,-0.0107762594825,-0.0200428170469,-0.00446397232112,0.0556391202733,0
-0.493888018674,-0.172351149406,0.0164004914005,0.140948360948,0.11345004095,0.261294021294,0.231367731368,0.244792032292,-0.0892751842752,0.0835380835381,-0.669195331695,-0.0107762594825,0.410627522714,-0.00446397232112,0.0556391202733,0
-0.4938573052,-0.268241560365,-0.4835995086,-0.0129914116716,0.0467833742834,-0.0720393120393,0.231367731368,-0.469493681994,0.310724815725,0.0835380835381,0.330804668305,-0.0107762594825,-0.0200428170469,-0.00446397232112,-0.358995026068,0
-0.493826591726,0.170114604019,0.0164004914005,0.0472291775625,-0.08654995905,0.194627354627,-0.101965601966,-0.183779396279,-0.289275184275,0.0835380835381,0.330804668305,-0.0107762594825,-0.0200428170469,0.0975768440054,0.0556391202733,1
-0.493795878252,0.0468269327858,-0.2335995086,0.0441689094325,0.31345004095,-0.00537264537265,0.231367731368,0.244792032292,-0.0892751842752,0.0835380835381,-0.669195331695,-0.0107762594825,0.287578854211,-0.00446397232112,0.0556391202733,0
-0.493765164778,-0.0216662178991,0.3914004914,-0.0961483913377,0.0467833742834,-0.0720393120393,-0.435298935299,-0.398065110565,0.510724815725,0.0835380835381,-0.669195331695,-0.0107762594825,-0.0200428170469,-0.0554843804844,0.0556391202733,0
-0.493734451304,-0.281940190502,0.0164004914005,-0.0336981393716,-0.619883292383,-0.205372645373,0.231367731368,0.387649175149,0.310724815725,0.0835380835381,-0.669195331695,-0.0107762594825,-0.0200428170469,-0.00446397232112,0.0556391202733,0
-0.49370373783,-0.0353648480361,0.0164004914005,-0.0414452495711,-0.08654995905,0.194627354627,-0.101965601966,0.101934889435,-0.289275184275,-0.416461916462,0.330804668305,0.0622044703248,-0.0200428170469,-0.0452802988517,0.0556391202733,1
-0.493673024356,-0.0490634781731,0.0164004914005,-0.104258169798,0.0467833742834,-0.0720393120393,-0.435298935299,-0.255207967708,-0.0892751842752,0.0835380835381,0.330804668305,-0.0107762594825,-0.0200428170469,0.199617660332,0.0556391202733,0
-0.493642310882,0.266005014978,0.1414004914,0.0141136262931,0.0467833742834,-0.0720393120393,-0.101965601966,0.387649175149,0.710724815725,0.0835380835381,-0.669195331695,0.139465242933,-0.0200428170469,-0.0554843804844,0.0556391202733,1
-0.493611597408,-0.295638820639,0.0164004914005,-0.0844961453753,-0.619883292383,-0.205372645373,0.231367731368,0.387649175149,0.310724815725,0.0835380835381,-0.669195331695,-0.0107762594825,-0.0200428170469,-0.290178258035,0.0556391202733,0
-0.493580883934,0.0742241930598,-0.2335995086,-0.0195859974555,0.0467833742834,-0.0720393120393,-0.101965601966,0.530506318006,-0.289275184275,-0.416461916462,0.330804668305,-0.0107762594825,-0.0200428170469,-0.00446397232112,0.0556391202733,0
-0.49355017046,-0.0216662178991,0.0164004914005,0.0126160916223,0.0467833742834,-0.0720393120393,-0.101965601966,-0.255207967708,-0.289275184275,0.0835380835381,0.330804668305,-0.0107762594825,-0.0200428170469,-0.00446397232112,0.0556391202733,1
-0.493519456986,-0.0490634781731,0.0164004914005,-0.0244439863446,0.31345004095,-0.00537264537265,0.231367731368,0.387649175149,-0.0892751842752,-0.916461916462,-0.669195331695,-0.0107762594825,-0.0200428170469,-0.00446397232112,0.0556391202733,0
-0.493488743512,0.293402275252,0.0164004914005,-0.0706094826024,0.0467833742834,-0.0720393120393,-0.101965601966,-0.255207967708,-0.289275184275,-0.666461916462,0.330804668305,-0.0107762594825,-0.0200428170469,-0.00446397232112,0.0556391202733,0
-0.493458030038,0.21121049443,0.1414004914,-0.0437136240838,-0.353216625717,-0.405372645373,-0.101965601966,0.0305063180063,-0.289275184275,0.0835380835381,0.330804668305,-0.0107762594825,-0.0200428170469,-0.00446397232112,0.0556391202733,1
-0.493427316564,-0.0216662178991,0.0164004914005,0.30299179964,-0.08654995905,0.194627354627,0.231367731368,-0.183779396279,-0.0892751842752,-0.416461916462,0.330804668305,-0.0107762594825,-0.0200428170469,0.199617660332,0.0556391202733,1
-0.49339660309,0.156415973882,0.0164004914005,0.0839021377233,-0.219883292383,0.127960687961,-0.435298935299,0.387649175149,-0.0892751842752,0.0835380835381,-0.669195331695,-0.0107762594825,-0.0200428170469,-0.00446397232112,0.0556391202733,0
-0.493365889616,-0.00796758776211,0.0164004914005,-0.00487144590094,-0.08654995905,0.194627354627,-0.101965601966,0.387649175149,-0.289275184275,0.0835380835381,0.330804668305,-0.0107762594825,-0.0200428170469,0.0975768440054,-0.139482830946,0
-0.493335176142,0.0879228231968,0.0164004914005,-0.0545685431966,-0.08654995905,0.194627354627,-0.101965601966,0.244792032292,-0.289275184275,0.0835380835381,0.330804668305,-0.0107762594825,-0.0200428170469,0.148597252169,0.0556391202733,0
-0.493304462668,-0.186049779543,0.0164004914005,0.044295911239,-0.68654995905,-0.272039312039,0.231367731368,-0.255207967708,-0.0892751842752,0.0835380835381,0.330804668305,-0.0107762594825,-0.0200428170469,-0.00446397232112,0.0556391202733,0
-0.493273749194,-0.103857998721,0.0164004914005,0.00548633245034,0.31345004095,-0.00537264537265,-0.101965601966,-0.0409222534223,-0.289275184275,0.0835380835381,0.330804668305,-0.0107762594825,-0.0200428170469,-0.00446397232112,0.0556391202733,0
-0.49324303572,0.3481967958,-0.4835995086,-0.00144375543219,-0.48654995905,-0.538705978706,-0.435298935299,-0.469493681994,-0.0892751842752,0.0835380835381,0.330804668305,-0.0107762594825,-0.0200428170469,-0.00446397232112,0.0556391202733,0
-0.493212322246,0.704361179361,0.0164004914005,-0.0937489400942,0.0467833742834,-0.0720393120393,0.231367731368,0.101934889435,-0.0892751842752,-0.416461916462,0.330804668305,-0.0107762594825,0.486385098472,-0.00446397232112,0.0556391202733,0
-0.493181608772,0.21121049443,0.0164004914005,-0.00889747108397,0.0467833742834,-0.0720393120393,-0.101965601966,-0.398065110565,-0.289275184275,-0.416461916462,0.330804668305,-0.0107762594825,-0.0200428170469,-0.208545604974,0.0556391202733,0
-0.493150895298,0.197511864293,-0.2335995086,-0.0335657043326,0.180116707617,-0.605372645373,0.231367731368,0.0305063180063,-0.0892751842752,0.0835380835381,-0.669195331695,-0.0107762594825,-0.0200428170469,-0.0554843804844,0.0556391202733,0
-0.493120181824,-0.281940190502,0.0164004914005,0.0363559212905,0.0467833742834,-0.0720393120393,0.231367731368,0.387649175149,0.310724815725,0.0835380835381,-0.669195331695,-0.0107762594825,-0.0200428170469,-0.00446397232112,0.0556391202733,0
-0.49308946835,0.293402275252,-0.4835995086,-0.112445371819,-0.68654995905,-0.272039312039,-0.435298935299,-0.469493681994,-0.0892751842752,-0.916461916462,-0.669195331695,-0.0107762594825,-0.0200428170469,-0.310586421301,0.0556391202733,0
-0.493058754876,0.375594056074,0.2664004914,-0.0150057825712,0.0467833742834,-0.0720393120393,-0.101965601966,-0.112350824851,-0.289275184275,0.0835380835381,0.330804668305,0.00331388141891,-0.0200428170469,0.0975768440054,0.0556391202733,0
-0.493028041402,0.498881727306,0.0164004914005,0.0845052265159,-0.153216625717,0.061294021294,0.564701064701,-0.398065110565,-0.0892751842752,0.0835380835381,-0.669195331695,-0.0107762594825,-0.0200428170469,-0.208545604974,-0.798019416312,0
-0.492997327928,0.361895425937,0.0164004914005,-0.00881936836872,0.0467833742834,-0.0720393120393,-0.435298935299,-0.398065110565,-0.0892751842752,0.0835380835381,-0.669195331695,-0.0107762594825,-0.0200428170469,-0.00446397232112,0.0556391202733,0
-0.492966614454,-0.0490634781731,0.0164004914005,0.23688973637,-0.619883292383,-0.205372645373,0.398034398034,0.530506318006,-0.0892751842752,-0.416461916462,0.330804668305,0.0259641079212,-0.0200428170469,-0.00446397232112,0.0556391202733,0
-0.49293590098,0.0331283026489,0.0164004914005,-0.0403239662416,0.0467833742834,-0.0720393120393,-0.435298935299,0.387649175149,0.510724815725,-0.416461916462,-0.669195331695,-0.0107762594825,-0.0200428170469,-0.0248721355864,0.0556391202733,0
-0.492905187506,-0.186049779543,0.0164004914005,-0.0204084530049,0.31345004095,-0.00537264537265,0.231367731368,-0.398065110565,-0.0892751842752,0.0835380835381,0.330804668305,-0.0107762594825,-0.0200428170469,0.0159441909442,0.0556391202733,0
-0.492874474032,-0.076460738447,0.0164004914005,-0.05351992935,0.31345004095,-0.00537264537265,-0.435298935299,-0.255207967708,0.110724815725,-0.166461916462,-0.669195331695,-0.0107762594825,-0.0200428170469,-0.00446397232112,0.0556391202733,0
-0.492843760558,-0.144953889132,0.0164004914005,-0.0767904635725,0.246783374283,0.327960687961,0.231367731368,0.244792032292,-0.0892751842752,0.0835380835381,0.330804668305,-0.0107762594825,-0.0200428170469,0.148597252169,0.0556391202733,1
-0.492813047084,0.279703645115,0.3914004914,0.0535976050492,0.0467833742834,-0.0720393120393,-0.101965601966,0.101934889435,-0.289275184275,0.0835380835381,0.330804668305,-0.0107762594825,-0.0200428170469,-0.00446397232112,0.0556391202733,0
-0.49278233361,0.0194296725119,0.3914004914,-0.0130783433894,0.31345004095,-0.00537264537265,0.231367731368,-0.398065110565,-0.0892751842752,0.0835380835381,-0.669195331695,-0.0107762594825,-0.0200428170469,-0.0248721355864,0.0556391202733,0
-0.492751620136,0.0331283026489,0.0164004914005,-0.00654963554792,-0.08654995905,0.194627354627,-0.101965601966,-0.183779396279,-0.289275184275,0.0835380835381,0.330804668305,-0.0107762594825,-0.0200428170469,0.0975768440054,-0.407775513873,1
-0.492720906662,-0.00796758776211,-0.2335995086,-0.0507367560706,0.11345004095,0.261294021294,-0.101965601966,-0.183779396279,-0.289275184275,0.0835380835381,0.330804668305,-0.0107762594825,-0.0200428170469,0.301658476658,0.0556391202733,1
-0.492690193188,-0.213447039817,0.0164004914005,-0.0504773192251,0.0467833742834,-0.0720393120393,0.231367731368,0.530506318006,0.310724815725,0.0835380835381,0.330804668305,-0.0107762594825,-0.0200428170469,-0.00446397232112,0.0556391202733,0
-0.492659479714,0.0194296725119,0.0164004914005,0.10737981393,-0.08654995905,0.194627354627,-0.101965601966,0.244792032292,-0.289275184275,0.0835380835381,0.330804668305,-0.0107762594825,-0.0200428170469,-0.00446397232112,0.0556391202733,1
-0.49262876624,0.0331283026489,0.2664004914,0.00422378507935,0.0467833742834,-0.0720393120393,-0.101965601966,0.101934889435,0.710724815725,0.0835380835381,-0.669195331695,-0.0107762594825,-0.0200428170469,-0.208545604974,0.0556391202733,0
-0.492598052766,-0.19974840968,0.3914004914,0.0571326018572,-0.219883292383,0.127960687961,-0.101965601966,0.316220603721,-0.289275184275,0.0835380835381,0.330804668305,-0.0107762594825,-0.0200428170469,0.0975768440054,0.0556391202733,0
-0.492567339292,-0.254542930228,-0.4835995086,-0.0479658075641,0.31345004095,-0.00537264537265,0.231367731368,-0.469493681994,0.310724815725,0.0835380835381,0.330804668305,-0.0107762594825,-0.0200428170469,-0.208545604974,0.0556391202733,0
-0.492536625818,-0.00796758776211,0.0164004914005,-0.00699108567764,0.31345004095,-0.00537264537265,-0.435298935299,-0.255207967708,-0.0892751842752,0.0835380835381,0.330804668305,-0.0107762594825,0.379635787177,-0.00446397232112,0.0556391202733,0
-0.492505912344,0.238607754704,0.0164004914005,0.00937109359187,0.0467833742834,-0.0720393120393,-0.101965601966,-0.398065110565,-0.289275184275,0.0835380835381,0.330804668305,-0.0107762594825,-0.0200428170469,-0.0554843804844,-0.895580391922,0
-0.49247519887,0.266005014978,0.0164004914005,0.0317940435654,0.0467833742834,-0.0720393120393,-0.101965601966,-0.398065110565,-0.289275184275,0.0835380835381,0.330804668305,-0.0107762594825,-0.0200428170469,0.0465564358422,0.0556391202733,1
-0.492444485396,-0.090159368584,0.0164004914005,-0.00398379156318,0.0467833742834,-0.0720393120393,0.231367731368,0.101934889435,-0.0892751842752,0.0835380835381,-0.669195331695,-0.0107762594825,-0.0200428170469,-0.065688462117,0.0556391202733,0
-0.492413771922,0.0194296725119,0.0164004914005,0.0120863514667,-0.219883292383,0.127960687961,-0.101965601966,0.459077746578,-0.289275184275,0.0835380835381,0.330804668305,-0.0107762594825,0.433813932264,0.199617660332,0.0556391202733,1
-0.492383058448,0.0879228231968,0.0164004914005,-0.0248847573202,0.0467833742834,-0.0720393120393,-0.101965601966,-0.398065110565,-0.289275184275,0.0835380835381,0.330804668305,-0.0107762594825,-0.0200428170469,-0.00446397232112,-0.895580391922,0
-0.492352344974,0.0331283026489,0.0164004914005,-0.0523076393783,0.246783374283,0.327960687961,-0.101965601966,0.244792032292,0.710724815725,0.0835380835381,-0.669195331695,-0.0107762594825,-0.0200428170469,-0.00446397232112,0.0556391202733,1
-0.4923216315,0.0468269327858,0.0164004914005,0.136509410105,-0.08654995905,0.194627354627,-0.101965601966,-0.398065110565,0.710724815725,-0.416461916462,-0.669195331695,-0.0107762594825,-0.0200428170469,-0.00446397232112,0.0556391202733,0
-0.492290918026,0.279703645115,-0.2335995086,-0.0125329826907,-0.68654995905,-0.272039312039,0.564701064701,0.101934889435,0.510724815725,-0.416461916462,-0.669195331695,-0.0107762594825,-0.0200428170469,-0.106504788648,0.0556391202733,0
-0.492260204552,-0.268241560365,-0.2335995086,-0.110294490956,0.31345004095,-0.00537264537265,0.231367731368,-0.398065110565,0.310724815725,0.0835380835381,0.330804668305,-0.0107762594825,-0.0200428170469,-0.00446397232112,0.0556391202733,0
-0.492229491078,0.266005014978,0.0164004914005,0.0470193189623,0.31345004095,-0.00537264537265,0.231367731368,0.530506318006,-0.0892751842752,0.0835380835381,0.330804668305,-0.0107762594825,-0.0200428170469,-0.208545604974,0.0556391202733,0
-0.492198777604,0.0468269327858,0.2664004914,0.0769224715954,0.0467833742834,-0.0720393120393,-0.101965601966,-0.112350824851,-0.289275184275,-0.666461916462,0.330804668305,-0.0107762594825,-0.0200428170469,-0.00446397232112,-0.871190148019,1
-0.49216806413,-0.254542930228,0.0164004914005,-0.0488942111446,0.0467833742834,-0.0720393120393,0.231367731368,0.101934889435,0.310724815725,0.0835380835381,-0.669195331695,-0.0107762594825,-0.0200428170469,-0.00446397232112,0.0556391202733,0
-0.492137350656,-0.090159368584,0.0164004914005,-0.0116833609795,0.0467833742834,-0.0720393120393,0.398034398034,0.101934889435,-0.0892751842752,0.0835380835381,-0.669195331695,-0.0107762594825,-0.0200428170469,-0.106504788648,0.0556391202733,0
-0.492106637182,0.0879228231968,0.0164004914005,-0.00143696389173,-0.153216625717,0.061294021294,0.564701064701,-0.183779396279,-0.0892751842752,0.0835380835381,-0.669195331695,-0.0107762594825,-0.0200428170469,0.0465564358422,0.0556391202733,0
-0.492075923708,0.156415973882,0.0164004914005,0.0100081400868,-0.353216625717,-0.405372645373,-0.435298935299,-0.255207967708,-0.0892751842752,0.0835380835381,0.330804668305,-0.0107762594825,-0.0200428170469,-0.00446397232112,0.0556391202733,0
-0.492045210234,-0.0353648480361,0.0164004914005,-0.0269894557079,-0.08654995905,0.194627354627,-0.435298935299,0.244792032292,0.310724815725,0.0835380835381,-0.669195331695,-0.0107762594825,-0.0200428170469,-0.00446397232112,0.0556391202733,0
-0.49201449676,0.0879228231968,0.0164004914005,-0.0622715083831,0.0467833742834,-0.0720393120393,-0.101965601966,0.387649175149,-0.289275184275,0.0835380835381,0.330804668305,-0.0107762594825,-0.0200428170469,0.199617660332,0.0556391202733,0
-0.491983783286,-0.295638820639,0.0164004914005,0.0381251175796,-0.619883292383,-0.205372645373,0.231367731368,0.101934889435,0.310724815725,0.0835380835381,0.330804668305,-0.0107762594825,-0.0200428170469,-0.290178258035,0.0556391202733,0
-0.491953069812,0.279703645115,0.0164004914005,-0.0297257673581,0.31345004095,-0.00537264537265,-0.101965601966,0.387649175149,-0.289275184275,0.0835380835381,0.330804668305,0.0298641469216,-0.0200428170469,-0.00446397232112,0.0556391202733,0
-0.491922356338,-0.172351149406,0.0164004914005,0.128047829849,-0.619883292383,-0.205372645373,-0.101965601966,-0.255207967708,-0.289275184275,0.0835380835381,0.330804668305,-0.0107762594825,-0.0200428170469,-0.00446397232112,0.0556391202733,0
-0.491891642864,-0.0216662178991,0.1414004914,0.0458518531578,0.31345004095,-0.00537264537265,-0.101965601966,-0.183779396279,-0.289275184275,-0.666461916462,0.330804668305,-0.0107762594825,-0.0200428170469,0.352678884822,0.00685863246839,1
-0.49186092939,-0.268241560365,-0.4835995086,0.0198137661989,0.31345004095,-0.00537264537265,0.231367731368,-0.469493681994,0.310724815725,0.0835380835381,0.330804668305,-0.0107762594825,-0.0200428170469,-0.167729278444,-0.846799904117,0
-0.491830215916,0.3481967958,0.0164004914005,-0.114510679272,0.0467833742834,-0.0720393120393,-0.101965601966,-0.183779396279,-0.289275184275,0.0835380835381,0.330804668305,-0.0107762594825,-0.0200428170469,-0.00446397232112,0.0556391202733,1
-0.491799502442,-0.076460738447,0.0164004914005,-0.00292159463568,-0.08654995905,0.194627354627,0.231367731368,0.244792032292,-0.0892751842752,0.0835380835381,-0.669195331695,-0.0107762594825,-0.0200428170469,0.0465564358422,0.0556391202733,0
-0.491768788968,-0.076460738447,0.0164004914005,0.0220203376934,0.0467833742834,-0.0720393120393,-0.101965601966,-0.255207967708,0.710724815725,0.0835380835381,-0.669195331695,-0.0107762594825,-0.0200428170469,-0.00446397232112,0.0556391202733,1
-0.491738075494,0.307100905389,0.0164004914005,-0.0814406313236,0.0467833742834,-0.0720393120393,-0.101965601966,-0.183779396279,-0.289275184275,0.0835380835381,0.330804668305,-0.0107762594825,-0.0200428170469,-0.00446397232112,0.0556391202733,1
-0.49170736202,-0.295638820639,0.0164004914005,0.00100391574859,-0.28654995905,-0.338705978706,0.231367731368,0.101934889435,0.310724815725,0.0835380835381,0.330804668305,-0.000226153981442,-0.0200428170469,-0.167729278444,0.0556391202733,0
-0.491676648546,0.156415973882,0.2664004914,-0.108072978072,0.11345004095,0.261294021294,-0.101965601966,-0.112350824851,-0.289275184275,0.0835380835381,0.330804668305,0.0132939812199,-0.0200428170469,0.587372762373,0.0556391202733,0
-0.491645935072,-0.158652519269,-0.2335995086,0.0131261363107,0.11345004095,0.261294021294,0.231367731368,0.244792032292,0.310724815725,0.0835380835381,0.330804668305,-0.0107762594825,-0.0200428170469,-0.0554843804844,0.0556391202733,0
-0.491615221598,-0.117556628858,0.0164004914005,-0.0810942627603,0.0467833742834,-0.0720393120393,-0.435298935299,0.244792032292,0.310724815725,0.0835380835381,-0.669195331695,-0.0107762594825,-0.0200428170469,-0.00446397232112,0.0556391202733,0
-0.491584508124,0.0605255629228,0.0164004914005,0.1957330012,0.0467833742834,-0.0720393120393,-0.101965601966,-0.0409222534223,-0.289275184275,-0.416461916462,0.330804668305,-0.0107762594825,-0.0200428170469,-0.00446397232112,0.0556391202733,0
-0.49155379465,0.0742241930598,0.0164004914005,-0.0128073609252,0.31345004095,-0.00537264537265,-0.101965601966,-0.255207967708,-0.289275184275,0.0835380835381,0.330804668305,0.0622044703248,-0.0200428170469,-0.00446397232112,0.0556391202733,1
-0.491523081176,-0.0490634781731,0.0164004914005,0.000266354454935,0.31345004095,-0.00537264537265,0.231367731368,-0.183779396279,-0.0892751842752,0.0835380835381,-0.669195331695,-0.0107762594825,-0.0200428170469,-0.00446397232112,0.0556391202733,0
-0.491492367702,-0.186049779543,0.0164004914005,0.00272013802212,0.31345004095,-0.00537264537265,0.231367731368,0.459077746578,0.310724815725,0.0835380835381,-0.669195331695,-0.0107762594825,-0.0200428170469,-0.00446397232112,0.0556391202733,0
-0.491461654228,-0.19974840968,0.0164004914005,0.0609134524297,0.31345004095,-0.00537264537265,-0.101965601966,0.0305063180063,0.710724815725,0.0835380835381,-0.669195331695,0.0622044703248,-0.0200428170469,0.0771686807401,0.0556391202733,1
-0.491430940754,-0.227145669954,0.0164004914005,-0.105176386067,-0.08654995905,0.194627354627,0.231367731368,0.244792032292,-0.0892751842752,0.0835380835381,-0.669195331695,-0.0107762594825,-0.0200428170469,-0.259566013137,-0.627287708995,0
-0.49140022728,0.0468269327858,-0.2335995086,-0.0625458866176,0.31345004095,-0.00537264537265,-0.101965601966,-0.255207967708,-0.289275184275,0.0835380835381,0.330804668305,0.0410042583227,-0.0200428170469,-0.00446397232112,0.0556391202733,1
-0.491369513806,-0.0627621083101,0.0164004914005,-0.00975863841395,-0.219883292383,0.127960687961,-0.435298935299,0.387649175149,0.510724815725,-0.416461916462,-0.669195331695,-0.0107762594825,-0.0200428170469,0.0465564358422,0.0556391202733,0
-0.491338800332,0.293402275252,0.0164004914005,-0.0107454492424,-0.08654995905,0.194627354627,-0.435298935299,0.244792032292,-0.0892751842752,0.0835380835381,-0.669195331695,-0.0107762594825,-0.0200428170469,0.0159441909442,0.0556391202733,0
-0.491308086858,-0.240844300091,0.0164004914005,0.0108509702575,0.0467833742834,-0.0720393120393,0.231367731368,-0.0409222534223,0.310724815725,0.0835380835381,0.330804668305,-0.0107762594825,-0.0200428170469,-0.00446397232112,0.0556391202733,0
-0.491277373384,0.252306384841,-0.3585995086,0.159858726197,0.11345004095,0.261294021294,-0.101965601966,0.387649175149,-0.289275184275,0.0835380835381,0.330804668305,0.139465242933,-0.0200428170469,-0.00446397232112,0.0556391202733,1
-0.49124665991,0.0331283026489,0.0164004914005,0.0208834338209,0.246783374283,0.327960687961,-0.101965601966,0.244792032292,-0.289275184275,0.0835380835381,0.330804668305,-0.0107762594825,-0.0200428170469,0.199617660332,0.0556391202733,1
-0.491215946436,0.156415973882,0.0164004914005,-0.00894637017527,0.31345004095,-0.00537264537265,-0.435298935299,0.101934889435,-0.0892751842752,0.0835380835381,0.330804668305,-0.0107762594825,-0.0200428170469,0.0465564358422,0.0556391202733,0
-0.491185232962,-0.186049779543,0.0164004914005,0.12374538897,-0.08654995905,0.194627354627,0.231367731368,-0.183779396279,-0.0892751842752,0.0835380835381,-0.669195331695,-0.0107762594825,-0.0200428170469,-0.00446397232112,0.0556391202733,0
-0.491154519488,0.156415973882,0.0164004914005,0.00278601596456,-0.353216625717,-0.405372645373,-0.101965601966,-0.255207967708,-0.289275184275,0.0835380835381,0.330804668305,-0.0107762594825,-0.0200428170469,-0.00446397232112,-0.724848684605,0
-0.491123806014,-0.0353648480361,0.0164004914005,0.00717878433228,-0.08654995905,0.194627354627,-0.101965601966,0.244792032292,-0.289275184275,0.0835380835381,0.330804668305,-0.0107762594825,-0.0200428170469,0.0465564358422,0.0556391202733,0
-0.49109309254,-0.103857998721,0.0164004914005,-0.0422344265722,0.0467833742834,-0.0720393120393,-0.435298935299,0.244792032292,-0.0892751842752,0.0835380835381,-0.669195331695,-0.0107762594825,-0.0200428170469,-0.00446397232112,0.0556391202733,0
-0.491062379066,-0.131255258995,-0.2335995086,0.0208073685678,-0.08654995905,0.194627354627,0.231367731368,0.316220603721,-0.0892751842752,0.0835380835381,0.330804668305,-0.0107762594825,-0.0200428170469,0.158801333801,0.0556391202733,0
-0.491031665592,-0.240844300091,0.0164004914005,0.0286257899421,0.31345004095,-0.00537264537265,0.231367731368,0.387649175149,0.310724815725,0.0835380835381,0.330804668305,-0.0107762594825,-0.0200428170469,0.0465564358422,0.0556391202733,0
-0.491000952118,-0.158652519269,0.0164004914005,0.0398121362292,-0.08654995905,0.194627354627,0.231367731368,0.459077746578,0.510724815725,-0.416461916462,-0.669195331695,-0.0107762594825,-0.0200428170469,-0.00446397232112,0.0556391202733,0
-0.490970238644,0.361895425937,0.0164004914005,-0.0534404683266,0.0467833742834,-0.0720393120393,-0.101965601966,0.530506318006,-0.289275184275,0.0835380835381,0.330804668305,-0.0107762594825,-0.0200428170469,-0.249361931505,0.0556391202733,0
-0.49093952517,-0.0216662178991,0.1414004914,-0.0898913451145,-0.08654995905,0.194627354627,-0.435298935299,0.387649175149,-0.0892751842752,0.0835380835381,-0.669195331695,-0.0107762594825,-0.0200428170469,0.199617660332,0.0556391202733,0
-0.490908811696,0.00573104237488,-0.4835995086,-0.0219630366155,0.11345004095,0.261294021294,-0.101965601966,-0.469493681994,0.710724815725,-0.666461916462,-0.669195331695,0.023864086921,-0.0200428170469,-0.00446397232112,-0.895580391922,0
-0.490878098222,-0.19974840968,0.0164004914005,0.0600020277003,0.0467833742834,-0.0720393120393,0.231367731368,-0.255207967708,0.310724815725,0.0835380835381,0.330804668305,-0.0107762594825,-0.0200428170469,-0.00446397232112,0.0556391202733,0
-0.490847384748,-0.00796758776211,0.0164004914005,-0.0137955300617,0.0467833742834,-0.0720393120393,-0.435298935299,0.387649175149,-0.0892751842752,0.0835380835381,0.330804668305,-0.0107762594825,-0.0200428170469,0.403699292985,0.0556391202733,0
-0.490816671274,0.129018713608,0.0164004914005,-0.0295525830765,-0.08654995905,0.194627354627,-0.101965601966,-0.398065110565,-0.289275184275,0.0835380835381,0.330804668305,0.0661045093252,-0.0200428170469,-0.00446397232112,0.0556391202733,1
-0.4907859578,-0.240844300091,0.0164004914005,-0.0244928854359,0.31345004095,-0.00537264537265,0.231367731368,0.101934889435,-0.0892751842752,-0.666461916462,-0.669195331695,-0.0107762594825,-0.0200428170469,-0.157525196811,0.0556391202733,0
-0.490755244326,-0.103857998721,0.0164004914005,0.0187977517465,0.0467833742834,-0.0720393120393,-0.101965601966,0.530506318006,-0.289275184275,0.0835380835381,0.330804668305,-0.0107762594825,-0.0200428170469,0.0465564358422,0.0556391202733,1
-0.490724530852,0.224909124567,0.0164004914005,0.0331808761267,0.0467833742834,-0.0720393120393,-0.101965601966,0.387649175149,-0.289275184275,0.0835380835381,0.330804668305,0.0330841791219,-0.0200428170469,-0.00446397232112,0.0556391202733,1
-0.490693817378,-0.19974840968,0.0164004914005,0.0770936184149,0.31345004095,-0.00537264537265,-0.101965601966,-0.398065110565,0.710724815725,-0.666461916462,-0.669195331695,-0.0107762594825,-0.0200428170469,-0.00446397232112,-0.285824294361,0
-0.490663103904,0.0605255629228,0.0164004914005,-0.0111794286776,0.0467833742834,-0.0720393120393,-0.435298935299,-0.398065110565,-0.0892751842752,0.0835380835381,-0.669195331695,-0.0107762594825,-0.0200428170469,-0.00446397232112,0.0556391202733,0
-0.49063239043,-0.172351149406,0.0164004914005,0.00282744436135,-0.219883292383,0.127960687961,0.231367731368,0.459077746578,-0.0892751842752,0.0835380835381,0.330804668305,-0.0107762594825,-0.0200428170469,0.0465564358422,0.0556391202733,0
-0.490601676956,0.101621453334,0.0164004914005,-0.0724656106094,-0.219883292383,0.127960687961,0.231367731368,0.244792032292,-0.0892751842752,0.0835380835381,-0.669195331695,-0.0107762594825,-0.0200428170469,-0.0758925437497,0.0556391202733,0
-0.490570963482,-0.0490634781731,0.0164004914005,0.0027391543354,-0.219883292383,0.127960687961,-0.101965601966,-0.398065110565,-0.289275184275,0.0835380835381,0.330804668305,-0.0107762594825,-0.0200428170469,-0.00446397232112,0.0556391202733,1
-0.490540250008,0.0331283026489,0.1414004914,-0.105129524438,0.31345004095,-0.00537264537265,-0.101965601966,-0.112350824851,-0.289275184275,0.0835380835381,0.330804668305,-0.0107762594825,-0.0200428170469,0.138393170536,0.0556391202733,1
-0.490509536534,-0.172351149406,0.0164004914005,-0.0886131772004,-0.08654995905,0.194627354627,0.231367731368,0.387649175149,-0.0892751842752,0.0835380835381,0.330804668305,-0.0107762594825,-0.0200428170469,-0.00446397232112,0.0556391202733,0
-0.49047882306,-0.0627621083101,0.0164004914005,-0.0318420113646,0.11345004095,0.261294021294,-0.101965601966,-0.183779396279,-0.289275184275,-0.666461916462,0.330804668305,0.0622044703248,-0.0200428170469,-0.0554843804844,-0.0175316114341,1
-0.490448109586,-0.268241560365,-0.4835995086,0.455417737892,0.31345004095,-0.00537264537265,0.231367731368,-0.469493681994,0.310724815725,-0.416461916462,-0.669195331695,-0.0107762594825,-0.0200428170469,-0.157525196811,0.0556391202733,0
-0.490417396112,-0.0353648480361,0.2664004914,0.0107477388425,-0.08654995905,0.194627354627,-0.435298935299,0.244792032292,-0.0892751842752,-0.416461916462,-0.669195331695,-0.0107762594825,-0.0200428170469,-0.00446397232112,0.0556391202733,1
-0.490386682638,-0.227145669954,0.0164004914005,0.00673461758638,0.31345004095,-0.00537264537265,0.231367731368,0.387649175149,0.310724815725,0.0835380835381,0.330804668305,-0.0107762594825,-0.0200428170469,-0.259566013137,0.0556391202733,0
-0.490355969164,-0.19974840968,0.0164004914005,0.00147524865632,0.31345004095,-0.00537264537265,0.231367731368,0.0305063180063,-0.0892751842752,0.0835380835381,0.330804668305,-0.0107762594825,-0.0200428170469,-0.00446397232112,0.0556391202733,0
-0.49032525569,0.52627898758,0.2664004914,-0.0346829127378,0.31345004095,-0.00537264537265,-0.101965601966,0.387649175149,-0.289275184275,0.0835380835381,0.330804668305,-0.0107762594825,-0.0200428170469,-0.00446397232112,0.0556391202733,0
-0.490294542216,-0.227145669954,0.0164004914005,0.142150463609,-0.419883292383,-0.472039312039,-0.101965601966,0.0305063180063,0.110724815725,0.0835380835381,-0.669195331695,-0.0107762594825,-0.0200428170469,-0.00446397232112,-0.261434050458,0
-0.490263828742,-0.131255258995,0.0164004914005,0.158498380643,0.31345004095,-0.00537264537265,0.231367731368,0.459077746578,-0.0892751842752,0.0835380835381,-0.669195331695,-0.0107762594825,-0.0200428170469,-0.00446397232112,0.0556391202733,0
-0.490233115268,0.320799535526,0.0164004914005,-0.0203344252139,0.0467833742834,-0.0720393120393,0.564701064701,0.101934889435,-0.0892751842752,0.0835380835381,-0.669195331695,-0.0107762594825,-0.0200428170469,-0.167729278444,0.0556391202733,0
-0.490202401794,0.00573104237488,0.2664004914,-0.0105091036345,0.0467833742834,-0.0720393120393,-0.101965601966,-0.183779396279,-0.289275184275,0.0835380835381,0.330804668305,-0.0107762594825,-0.0200428170469,-0.00446397232112,0.0556391202733,0
-0.49017168832,0.0605255629228,0.0164004914005,-0.0946916059096,0.31345004095,-0.00537264537265,-0.101965601966,-0.255207967708,-0.289275184275,0.0835380835381,0.330804668305,-0.0107762594825,0.320866273862,0.0975768440054,0.0556391202733,0
-0.490140974846,-0.0490634781731,0.0164004914005,-0.00249372758687,0.0467833742834,-0.0720393120393,-0.435298935299,0.530506318006,-0.0892751842752,0.0835380835381,0.330804668305,-0.0107762594825,-0.0200428170469,0.0465564358422,0.0556391202733,0
-0.490110261372,-0.131255258995,0.0164004914005,0.00719847979961,-0.619883292383,-0.205372645373,0.231367731368,-0.183779396279,-0.0892751842752,0.0835380835381,-0.669195331695,-0.0107762594825,-0.0200428170469,-0.00446397232112,0.0556391202733,0
-0.490079547898,0.512580357443,0.2664004914,-0.0105084244804,0.11345004095,0.261294021294,-0.101965601966,-0.255207967708,-0.289275184275,0.0835380835381,0.330804668305,-0.0107762594825,-0.0200428170469,-0.310586421301,0.0556391202733,0
-0.490048834424,0.334498165663,0.2664004914,-0.0756569554702,0.0467833742834,-0.0720393120393,-0.101965601966,-0.112350824851,-0.289275184275,0.0835380835381,0.330804668305,-0.0107762594825,-0.0200428170469,0.0465564358422,0.0556391202733,0
-0.49001812095,-0.213447039817,-0.4835995086,0.0148185881926,-0.153216625717,0.061294021294,0.231367731368,-0.469493681994,0.310724815725,-0.416461916462,-0.669195331695,-0.0107762594825,-0.0200428170469,-0.259566013137,0.0556391202733,0
-0.489987407476,0.0605255629228,0.0164004914005,-0.0013948563409,0.31345004095,-0.00537264537265,-0.101965601966,0.244792032292,0.710724815725,0.0835380835381,-0.669195331695,-0.0107762594825,0.41315277524,0.0975768440054,0.0556391202733,1
-0.489956694002,0.266005014978,0.2664004914,0.0892334969822,0.0467833742834,-0.0720393120393,-0.101965601966,-0.0409222534223,-0.289275184275,0.0835380835381,0.330804668305,-0.0107762594825,-0.0200428170469,-0.00446397232112,0.0556391202733,0
-0.489925980528,0.375594056074,0.0164004914005,-0.0420130223533,0.0467833742834,-0.0720393120393,0.231367731368,0.530506318006,-0.0892751842752,0.0835380835381,0.330804668305,0.00972394551955,-0.0200428170469,0.148597252169,0.0556391202733,0
-0.489895267054,0.0331283026489,0.0164004914005,0.0113983684183,0.31345004095,-0.00537264537265,0.231367731368,-0.255207967708,-0.0892751842752,-0.416461916462,0.330804668305,-0.0107762594825,-0.0200428170469,0.0465564358422,0.0556391202733,0
-0.48986455358,-0.172351149406,0.0164004914005,0.0236217829332,-0.08654995905,0.194627354627,0.231367731368,-0.398065110565,-0.0892751842752,0.0835380835381,0.330804668305,-0.0107762594825,-0.0200428170469,-0.00446397232112,0.0556391202733,0
-0.489833840106,0.115320083471,0.0164004914005,-0.0075357672223,-0.153216625717,0.061294021294,0.231367731368,0.101934889435,-0.0892751842752,0.0835380835381,0.330804668305,-0.0107762594825,-0.0200428170469,-0.00446397232112,0.0556391202733,0
-0.489803126632,0.224909124567,-0.2335995086,-0.0619638516004,-0.68654995905,-0.272039312039,-0.101965601966,-0.398065110565,-0.289275184275,0.0835380835381,0.330804668305,-0.0107762594825,-0.0200428170469,-0.00446397232112,0.0556391202733,0
-0.489772413158,0.197511864293,0.0164004914005,0.0358757593802,0.0467833742834,-0.0720393120393,-0.101965601966,0.530506318006,-0.289275184275,0.0835380835381,0.330804668305,-0.0107762594825,-0.0200428170469,-0.00446397232112,0.0556391202733,0
-0.489741699684,-0.295638820639,0.0164004914005,0.0551202684197,-0.419883292383,-0.472039312039,0.231367731368,0.101934889435,0.110724815725,0.0835380835381,0.330804668305,-0.0107762594825,-0.0200428170469,0.0771686807401,-0.261434050458,0
-0.48971098621,-0.117556628858,0.0164004914005,-0.0648910055375,0.0467833742834,-0.0720393120393,0.231367731368,-0.255207967708,0.110724815725,0.0835380835381,0.330804668305,-0.0107762594825,-0.0200428170469,-0.00446397232112,0.0556391202733,0
-0.489680272736,0.142717343745,0.0164004914005,-0.0805387147509,0.11345004095,0.261294021294,0.231367731368,0.244792032292,-0.0892751842752,0.0835380835381,0.330804668305,-0.0107762594825,-0.0200428170469,0.199617660332,0.0556391202733,0
-0.489649559262,-0.268241560365,0.0164004914005,-0.0581830010279,0.0467833742834,-0.0720393120393,0.231367731368,0.387649175149,0.510724815725,-0.416461916462,0.330804668305,-0.0107762594825,-0.0200428170469,-0.106504788648,-0.554116977288,0
-0.489618845788,0.0879228231968,0.0164004914005,0.0484985164739,0.0467833742834,-0.0720393120393,-0.101965601966,0.101934889435,-0.289275184275,-0.416461916462,0.330804668305,-0.0107762594825,-0.0200428170469,-0.00446397232112,0.0556391202733,0
-0.489588132314,-0.172351149406,0.0164004914005,-0.0644149185514,-0.219883292383,0.127960687961,0.231367731368,0.387649175149,-0.0892751842752,0.0835380835381,0.330804668305,-0.0107762594825,-0.0200428170469,-0.00446397232112,0.0556391202733,0
-0.48955741884,-0.00796758776211,0.0164004914005,0.0724631461312,-0.153216625717,0.061294021294,-0.101965601966,-0.255207967708,-0.289275184275,0.0835380835381,0.330804668305,0.0622044703248,-0.0200428170469,-0.00446397232112,0.0556391202733,1
-0.489526705366,-0.0353648480361,0.3914004914,-0.0478870256948,0.0467833742834,-0.0720393120393,-0.101965601966,0.316220603721,-0.289275184275,0.0835380835381,0.330804668305,0.0622044703248,-0.0200428170469,-0.00446397232112,0.0556391202733,1
-0.489495991892,-0.076460738447,0.0164004914005,-0.0711337895257,0.0467833742834,-0.0720393120393,0.231367731368,-0.112350824851,-0.0892751842752,0.0835380835381,0.330804668305,-0.0107762594825,-0.0200428170469,-0.208545604974,0.0556391202733,0
-0.489465278418,-0.227145669954,0.3914004914,0.0703482604328,0.31345004095,-0.00537264537265,0.231367731368,0.316220603721,0.310724815725,-0.416461916462,-0.669195331695,-0.0107762594825,-0.0200428170469,-0.00446397232112,0.0556391202733,0
-0.489434564944,0.0605255629228,0.2664004914,0.0353928808537,-0.08654995905,0.194627354627,0.231367731368,0.387649175149,-0.0892751842752,0.0835380835381,0.330804668305,-0.0107762594825,-0.0200428170469,0.0159441909442,0.0556391202733,0
-0.48940385147,0.38929268621,-0.4835995086,-0.104349855594,-0.619883292383,-0.205372645373,-0.101965601966,-0.469493681994,-0.289275184275,0.0835380835381,0.330804668305,-0.0107762594825,-0.0200428170469,-0.330994584566,0.0556391202733,0
-0.489373137996,-0.117556628858,-0.4835995086,-0.0256671427809,-0.153216625717,0.061294021294,-0.435298935299,-0.469493681994,0.510724815725,0.0835380835381,-0.669195331695,-0.0107762594825,-0.0200428170469,-0.00446397232112,0.0556391202733,0
-0.489342424522,0.238607754704,0.0164004914005,-0.0602095967003,-0.219883292383,0.127960687961,0.0647010647011,0.101934889435,-0.0892751842752,0.0835380835381,0.330804668305,-0.0107762594825,-0.0200428170469,-0.157525196811,-0.407775513873,0
-0.489311711048,-0.103857998721,0.0164004914005,-0.0226279284263,-0.08654995905,0.194627354627,0.231367731368,0.244792032292,0.310724815725,0.0835380835381,0.330804668305,-0.0107762594825,-0.0200428170469,-0.157525196811,0.0556391202733,0
-0.489280997574,-0.076460738447,0.0164004914005,-0.0487760383406,-0.08654995905,0.194627354627,-0.101965601966,-0.183779396279,-0.289275184275,0.0835380835381,0.330804668305,-0.0107762594825,-0.0200428170469,-0.00446397232112,0.0556391202733,1
-0.4892502841,-0.172351149406,0.0164004914005,0.0016844281024,0.0467833742834,-0.0720393120393,-0.101965601966,0.101934889435,-0.289275184275,0.0835380835381,0.330804668305,-0.0107762594825,-0.0200428170469,-0.00446397232112,0.0556391202733,0
-0.489219570626,-0.076460738447,0.0164004914005,-0.0532584550424,-0.08654995905,0.194627354627,-0.101965601966,-0.183779396279,-0.289275184275,0.0835380835381,0.330804668305,-0.0107762594825,-0.0200428170469,-0.00446397232112,0.0556391202733,1
-0.489188857152,0.101621453334,-0.2335995086,0.0950613178485,-0.619883292383,-0.205372645373,-0.101965601966,0.530506318006,-0.289275184275,0.0835380835381,0.330804668305,-0.0107762594825,-0.0200428170469,-0.106504788648,0.0556391202733,0
-0.489158143678,0.279703645115,-0.4835995086,0.123767801053,-0.08654995905,0.194627354627,-0.101965601966,-0.469493681994,-0.289275184275,0.0835380835381,0.330804668305,-0.0107762594825,-0.0200428170469,-0.00446397232112,0.0556391202733,1
-0.489127430204,-0.00796758776211,-0.3585995086,-0.0640780581447,0.0467833742834,-0.0720393120393,-0.101965601966,-0.398065110565,-0.289275184275,0.0835380835381,0.330804668305,-0.0107762594825,-0.0200428170469,-0.00446397232112,0.0556391202733,1
-0.48909671673,0.361895425937,0.0164004914005,-0.0192756240566,-0.619883292383,-0.205372645373,0.564701064701,0.101934889435,0.510724815725,-0.166461916462,0.330804668305,-0.0107762594825,-0.0200428170469,-0.00446397232112,0.0556391202733,0
-0.489066003256,0.0194296725119,0.0164004914005,-0.0636046877749,-0.153216625717,0.061294021294,-0.101965601966,0.459077746578,-0.289275184275,0.0835380835381,0.330804668305,-0.0107762594825,-0.0200428170469,-0.00446397232112,0.0556391202733,1
-0.489035289782,0.0468269327858,0.0164004914005,-0.0528604707716,0.0467833742834,-0.0720393120393,-0.101965601966,-0.398065110565,0.710724815725,0.0835380835381,-0.669195331695,-0.0107762594825,-0.0200428170469,-0.0554843804844,0.0556391202733,0
-0.489004576308,-0.172351149406,0.2664004914,-0.0493451694309,-0.28654995905,-0.338705978706,-0.101965601966,-0.255207967708,-0.289275184275,0.0835380835381,0.330804668305,-0.0107762594825,-0.0200428170469,-0.00446397232112,-0.115092587044,0
-0.488973862834,-0.0353648480361,0.0164004914005,0.107469462264,-0.68654995905,-0.272039312039,-0.101965601966,0.101934889435,0.710724815725,0.0835380835381,-0.669195331695,-0.0107762594825,-0.0200428170469,-0.167729278444,0.0556391202733,0
-0.48894314936,0.320799535526,0.0164004914005,0.0545429874808,0.11345004095,0.261294021294,-0.101965601966,0.244792032292,-0.289275184275,0.0835380835381,0.330804668305,-0.0107762594825,-0.0200428170469,-0.00446397232112,0.0556391202733,1
-0.488912435886,0.0605255629228,0.0164004914005,-0.00622975399238,-0.08654995905,0.194627354627,-0.101965601966,0.530506318006,-0.289275184275,0.0835380835381,0.330804668305,-0.0107762594825,-0.0200428170469,0.0465564358422,0.0556391202733,0
-0.488881722412,0.0605255629228,0.0164004914005,-0.0103277695043,-0.08654995905,0.194627354627,-0.435298935299,-0.183779396279,-0.0892751842752,0.0835380835381,0.330804668305,-0.0107762594825,0.339002178362,0.0465564358422,0.0556391202733,1
-0.488851008938,-0.227145669954,0.0164004914005,0.149860220336,0.0467833742834,-0.0720393120393,0.0647010647011,0.387649175149,-0.0892751842752,0.0835380835381,0.330804668305,-0.0107762594825,-0.0200428170469,0.148597252169,0.0556391202733,0
-0.488820295464,-0.144953889132,0.0164004914005,-0.0662309764697,0.0467833742834,-0.0720393120393,-0.101965601966,-0.255207967708,-0.289275184275,0.0835380835381,0.330804668305,-0.0107762594825,-0.0200428170469,-0.00446397232112,0.0556391202733,0
-0.48878958199,0.238607754704,0.2664004914,-0.00455088519136,0.31345004095,-0.00537264537265,-0.101965601966,0.387649175149,-0.289275184275,0.0835380835381,0.330804668305,-0.0107762594825,-0.0200428170469,0.0465564358422,0.0556391202733,0
-0.488758868516,-0.227145669954,0.0164004914005,0.117362699248,-0.219883292383,0.127960687961,0.231367731368,0.387649175149,-0.0892751842752,0.0835380835381,-0.669195331695,-0.0107762594825,-0.0200428170469,-0.259566013137,0.0556391202733,0